GridRef,Alias,TopLat,BottomLat,LeftLon,RightLon,ZoneCount
01G1H5S4Q,01G05.4,-43,-44,-177,-176,10
01G2H2S2Q,01G08.2,-44,-45,-177,-176,1
01K1H1S1Q,01K01.1,-16,-17,-180,-179,28
01K1H1S3Q,01K01.3,-17,-18,-180,-179,7
01K1H1S4Q,01K01.4,-17,-18,-179,-178,18
01K1H4S1Q,01K04.1,-18,-19,-180,-179,5
01K1H4S2Q,01K04.2,-18,-19,-179,-178,17
01K1H4S3Q,01K04.3,-19,-20,-180,-179,1
01K1H4S4Q,01K04.4,-19,-20,-179,-178,5
01K1H6S2Q,01K06.2,-18,-19,-175,-174,4
01K1H6S4Q,01K06.4,-19,-20,-175,-174,15
01K2H1S2Q,01K07.2,-20,-21,-179,-178,3
01K2H3S3Q,01K09.3,-21,-22,-176,-175,56
01K2H3S4Q,01K09.4,-21,-22,-175,-174,5
01L2H2S4Q,01L08.4,-13,-14,-177,-176,25
01L2H4S2Q,01L10.2,-14,-15,-179,-178,7
01L2H6S3Q,01L12.3,-15,-16,-176,-175,7
01M1H6S4Q,01M06.4,-3,-4,-175,-174,1
01M2H3S2Q,01M09.2,-4,-5,-175,-174,1
01N2H5S4Q,01N11.4,1,0,-177,-176,2
01U1H6S4Q,01U06.4,53,52,-175,-174,1
01U2H2S2Q,01U08.2,52,51,-177,-176,3
01W1H1S1Q,01W01.1,72,71,-180,-179,1
01W1H1S3Q,01W01.3,71,70,-180,-179,1
01W1H4S3Q,01W04.3,69,68,-180,-179,3
01W1H4S4Q,01W04.4,69,68,-179,-178,2
01W1H5S3Q,01W05.3,69,68,-178,-177,3
01W2H1S2Q,01W07.2,68,67,-179,-178,2
01W2H1S3Q,01W07.3,67,66,-180,-179,4
01W2H2S2Q,01W08.2,68,67,-177,-176,1
01W2H3S1Q,01W09.1,68,67,-176,-175,5
01W2H3S2Q,01W09.2,68,67,-175,-174,3
01W2H4S1Q,01W10.1,66,65,-180,-179,4
01W2H4S2Q,01W10.2,66,65,-179,-178,6
01W2H5S1Q,01W11.1,66,65,-178,-177,1
01W2H6S1Q,01W12.1,66,65,-176,-175,2
01W2H6S3Q,01W12.3,65,64,-176,-175,2
01W2H6S4Q,01W12.4,65,64,-175,-174,3
02K1H4S1Q,02K04.1,-18,-19,-174,-173,16
02K1H6S1Q,02K06.1,-18,-19,-170,-169,8
02K1H6S3Q,02K06.3,-19,-20,-170,-169,7
02L1H1S2Q,02L01.2,-8,-9,-173,-172,1
02L1H2S3Q,02L02.3,-9,-10,-172,-171,4
02L1H5S3Q,02L05.3,-11,-12,-172,-171,2
02L2H1S4Q,02L07.4,-13,-14,-173,-172,169
02L2H2S3Q,02L08.3,-13,-14,-172,-171,183
02L2H4S3Q,02L10.3,-15,-16,-174,-173,4
02L2H5S1Q,02L11.1,-14,-15,-172,-171,57
02L2H5S2Q,02L11.2,-14,-15,-171,-170,110
02L2H6S1Q,02L12.1,-14,-15,-170,-169,15
02M1H5S1Q,02M05.1,-2,-3,-172,-171,2
02M1H5S3Q,02M05.3,-3,-4,-172,-171,2
02M1H5S4Q,02M05.4,-3,-4,-171,-170,1
02M2H1S2Q,02M07.2,-4,-5,-173,-172,1
02M2H2S1Q,02M08.1,-4,-5,-172,-171,2
02U1H4S3Q,02U04.3,53,52,-174,-173,1
02U1H6S2Q,02U06.2,54,53,-169,-168,2
02U1H6S4Q,02U06.4,53,52,-169,-168,1
02V1H2S1Q,02V02.1,64,63,-172,-171,1
02V1H2S2Q,02V02.2,64,63,-171,-170,1
02V1H3S1Q,02V03.1,64,63,-170,-169,1
02V2H5S2Q,02V11.2,58,57,-171,-170,1
02V2H6S3Q,02V12.3,57,56,-170,-169,1
02W2H1S1Q,02W07.1,68,67,-174,-173,5
02W2H1S2Q,02W07.2,68,67,-173,-172,1
02W2H1S3Q,02W07.3,67,66,-174,-173,1
02W2H1S4Q,02W07.4,67,66,-173,-172,2
02W2H2S3Q,02W08.3,67,66,-172,-171,8
02W2H2S4Q,02W08.4,67,66,-171,-170,4
02W2H3S3Q,02W09.3,67,66,-170,-169,2
02W2H4S2Q,02W10.2,66,65,-173,-172,1
02W2H4S3Q,02W10.3,65,64,-174,-173,6
02W2H4S4Q,02W10.4,65,64,-173,-172,13
02W2H5S1Q,02W11.1,66,65,-172,-171,4
02W2H5S2Q,02W11.2,66,65,-171,-170,12
02W2H6S1Q,02W12.1,66,65,-170,-169,1
02W2H6S2Q,02W12.2,66,65,-169,-168,3
02W2H6S4Q,02W12.4,65,64,-169,-168,1
03K1H6S1Q,03K06.1,-18,-19,-164,-163,1
03L1H5S1Q,03L05.1,-10,-11,-166,-165,1
03U1H2S3Q,03U02.3,55,54,-166,-165,1
03U1H3S2Q,03U03.2,56,55,-163,-162,3
03U1H3S3Q,03U03.3,55,54,-164,-163,3
03U1H3S4Q,03U03.4,55,54,-163,-162,1
03U1H4S1Q,03U04.1,54,53,-168,-167,3
03U1H4S2Q,03U04.2,54,53,-167,-166,4
03V1H2S3Q,03V02.3,63,62,-166,-165,2
03V1H2S4Q,03V02.4,63,62,-165,-164,15
03V1H3S1Q,03V03.1,64,63,-164,-163,2
03V1H3S2Q,03V03.2,64,63,-163,-162,3
03V1H3S3Q,03V03.3,63,62,-164,-163,12
03V1H4S2Q,03V04.2,62,61,-167,-166,1
03V1H4S4Q,03V04.4,61,60,-167,-166,2
03V1H5S1Q,03V05.1,62,61,-166,-165,3
03V1H5S2Q,03V05.2,62,61,-165,-164,1
03V1H5S3Q,03V05.3,61,60,-166,-165,4
03V1H5S4Q,03V05.4,61,60,-165,-164,6
03V1H6S1Q,03V06.1,62,61,-164,-163,4
03V1H6S2Q,03V06.2,62,61,-163,-162,6
03V1H6S4Q,03V06.4,61,60,-163,-162,14
03V2H1S2Q,03V07.2,60,59,-167,-166,1
03V2H2S2Q,03V08.2,60,59,-165,-164,3
03V2H3S1Q,03V09.1,60,59,-164,-163,2
03V2H3S2Q,03V09.2,60,59,-163,-162,3
03W1H4S4Q,03W04.4,69,68,-167,-166,2
03W1H5S3Q,03W05.3,69,68,-166,-165,1
03W1H6S1Q,03W06.1,70,69,-164,-163,1
03W1H6S2Q,03W06.2,70,69,-163,-162,1
03W1H6S4Q,03W06.4,69,68,-163,-162,2
03W2H1S4Q,03W07.4,67,66,-167,-166,1
03W2H2S2Q,03W08.2,68,67,-165,-164,1
03W2H3S2Q,03W09.2,68,67,-163,-162,2
03W2H3S3Q,03W09.3,67,66,-164,-163,1
03W2H3S4Q,03W09.4,67,66,-163,-162,3
03W2H4S1Q,03W10.1,66,65,-168,-167,2
03W2H4S2Q,03W10.2,66,65,-167,-166,5
03W2H5S1Q,03W11.1,66,65,-166,-165,4
03W2H5S2Q,03W11.2,66,65,-165,-164,4
03W2H5S3Q,03W11.3,65,64,-166,-165,4
03W2H5S4Q,03W11.4,65,64,-165,-164,7
03W2H6S1Q,03W12.1,66,65,-164,-163,1
03W2H6S2Q,03W12.2,66,65,-163,-162,1
03W2H6S3Q,03W12.3,65,64,-164,-163,4
03W2H6S4Q,03W12.4,65,64,-163,-162,4
04K1H5S1Q,04K05.1,-18,-19,-160,-159,6
04K1H5S4Q,04K05.4,-19,-20,-159,-158,4
04K1H6S3Q,04K06.3,-19,-20,-158,-157,2
04K2H2S2Q,04K08.2,-20,-21,-159,-158,2
04K2H2S3Q,04K08.3,-21,-22,-160,-159,9
04K2H3S1Q,04K09.1,-20,-21,-158,-157,4
04K2H3S3Q,04K09.3,-21,-22,-158,-157,7
04L1H2S2Q,04L02.2,-8,-9,-159,-158,1
04L1H3S1Q,04L03.1,-8,-9,-158,-157,1
04L1H4S1Q,04L04.1,-10,-11,-162,-161,2
04M1H1S2Q,04M01.2,0,-1,-161,-160,1
04N1H4S4Q,04N04.4,5,4,-161,-160,9
04N2H2S1Q,04N08.1,4,3,-160,-159,10
04N2H3S3Q,04N09.3,3,2,-158,-157,1
04N2H6S1Q,04N12.1,2,1,-158,-157,4
04Q1H2S3Q,04Q02.3,23,22,-160,-159,29
04Q1H4S2Q,04Q04.2,22,21,-161,-160,4
04Q1H5S1Q,04Q05.1,22,21,-160,-159,48
04Q1H5S2Q,04Q05.2,22,21,-159,-158,69
04Q1H6S1Q,04Q06.1,22,21,-158,-157,124
04Q1H6S2Q,04Q06.2,22,21,-157,-156,14
04Q1H6S4Q,04Q06.4,21,20,-157,-156,133
04Q2H3S2Q,04Q09.2,20,19,-157,-156,5
04U1H1S1Q,04U01.1,56,55,-162,-161,1
04U1H1S2Q,04U01.2,56,55,-161,-160,5
04U1H2S1Q,04U02.1,56,55,-160,-159,4
04V1H1S1Q,04V01.1,64,63,-162,-161,1
04V1H1S2Q,04V01.2,64,63,-161,-160,1
04V1H1S4Q,04V01.4,63,62,-161,-160,4
04V1H2S3Q,04V02.3,63,62,-160,-159,4
04V1H2S4Q,04V02.4,63,62,-159,-158,3
04V1H3S2Q,04V03.2,64,63,-157,-156,3
04V1H3S3Q,04V03.3,63,62,-158,-157,2
04V1H3S4Q,04V03.4,63,62,-157,-156,3
04V1H4S1Q,04V04.1,62,61,-162,-161,6
04V1H4S2Q,04V04.2,62,61,-161,-160,7
04V1H4S3Q,04V04.3,61,60,-162,-161,11
04V1H5S1Q,04V05.1,62,61,-160,-159,3
04V1H5S2Q,04V05.2,62,61,-159,-158,4
04V1H6S1Q,04V06.1,62,61,-158,-157,6
04V1H6S2Q,04V06.2,62,61,-157,-156,2
04V1H6S3Q,04V06.3,61,60,-158,-157,1
04V2H1S1Q,04V07.1,60,59,-162,-161,3
04V2H1S2Q,04V07.2,60,59,-161,-160,4
04V2H1S3Q,04V07.3,59,58,-162,-161,2
04V2H1S4Q,04V07.4,59,58,-161,-160,1
04V2H2S1Q,04V08.1,60,59,-160,-159,1
04V2H2S2Q,04V08.2,60,59,-159,-158,6
04V2H2S3Q,04V08.3,59,58,-160,-159,2
04V2H2S4Q,04V08.4,59,58,-159,-158,4
04V2H3S1Q,04V09.1,60,59,-158,-157,9
04V2H3S2Q,04V09.2,60,59,-157,-156,4
04V2H3S3Q,04V09.3,59,58,-158,-157,7
04V2H3S4Q,04V09.4,59,58,-157,-156,7
04V2H4S3Q,04V10.3,57,56,-162,-161,1
04V2H5S4Q,04V11.4,57,56,-159,-158,8
04V2H6S1Q,04V12.1,58,57,-158,-157,3
04V2H6S2Q,04V12.2,58,57,-157,-156,1
04W1H1S4Q,04W01.4,71,70,-161,-160,1
04W1H3S2Q,04W03.2,72,71,-157,-156,3
04W1H3S3Q,04W03.3,71,70,-158,-157,1
04W2H1S2Q,04W07.2,68,67,-161,-160,1
04W2H1S3Q,04W07.3,67,66,-162,-161,3
04W2H1S4Q,04W07.4,67,66,-161,-160,4
04W2H3S1Q,04W09.1,68,67,-158,-157,1
04W2H3S2Q,04W09.2,68,67,-157,-156,1
04W2H3S3Q,04W09.3,67,66,-158,-157,1
04W2H3S4Q,04W09.4,67,66,-157,-156,1
04W2H4S1Q,04W10.1,66,65,-162,-161,4
04W2H4S3Q,04W10.3,65,64,-162,-161,2
04W2H4S4Q,04W10.4,65,64,-161,-160,1
04W2H5S4Q,04W11.4,65,64,-159,-158,2
04W2H6S2Q,04W12.2,66,65,-157,-156,1
04W2H6S3Q,04W12.3,65,64,-158,-157,2
04W2H6S4Q,04W12.4,65,64,-157,-156,1
05K1H2S2Q,05K02.2,-16,-17,-153,-152,9
05K1H3S1Q,05K03.1,-16,-17,-152,-151,13
05K1H3S2Q,05K03.2,-16,-17,-151,-150,7
05K2H5S2Q,05K11.2,-22,-23,-153,-152,3
05K2H6S1Q,05K12.1,-22,-23,-152,-151,3
05L1H3S4Q,05L03.4,-9,-10,-151,-150,1
05L1H6S3Q,05L06.3,-11,-12,-152,-151,1
05M2H1S2Q,05M07.2,-4,-5,-155,-154,1
05M2H1S3Q,05M07.3,-5,-6,-156,-155,1
05Q1H4S3Q,05Q04.3,21,20,-156,-155,45
05Q2H1S1Q,05Q07.1,20,19,-156,-155,134
05Q2H1S2Q,05Q07.2,20,19,-155,-154,21
05V1H1S2Q,05V01.2,64,63,-155,-154,2
05V1H1S3Q,05V01.3,63,62,-156,-155,2
05V1H2S1Q,05V02.1,64,63,-154,-153,1
05V1H2S2Q,05V02.2,64,63,-153,-152,2
05V1H3S2Q,05V03.2,64,63,-151,-150,2
05V1H3S4Q,05V03.4,63,62,-151,-150,11
05V1H4S1Q,05V04.1,62,61,-156,-155,2
05V1H4S3Q,05V04.3,61,60,-156,-155,1
05V1H4S4Q,05V04.4,61,60,-155,-154,2
05V1H5S4Q,05V05.4,61,60,-153,-152,1
05V1H6S1Q,05V06.1,62,61,-152,-151,8
05V1H6S2Q,05V06.2,62,61,-151,-150,6
05V1H6S3Q,05V06.3,61,60,-152,-151,20
05V1H6S4Q,05V06.4,61,60,-151,-150,5
05V2H1S1Q,05V07.1,60,59,-156,-155,2
05V2H1S2Q,05V07.2,60,59,-155,-154,12
05V2H1S4Q,05V07.4,59,58,-155,-154,1
05V2H2S1Q,05V08.1,60,59,-154,-153,3
05V2H2S3Q,05V08.3,59,58,-154,-153,1
05V2H2S4Q,05V08.4,59,58,-153,-152,5
05V2H3S1Q,05V09.1,60,59,-152,-151,29
05V2H3S2Q,05V09.2,60,59,-151,-150,1
05V2H4S2Q,05V10.2,58,57,-155,-154,2
05V2H4S4Q,05V10.4,57,56,-155,-154,2
05V2H5S1Q,05V11.1,58,57,-154,-153,6
05V2H5S2Q,05V11.2,58,57,-153,-152,9
05V2H5S3Q,05V11.3,57,56,-154,-153,1
05W1H2S3Q,05W02.3,71,70,-154,-153,1
05W1H3S4Q,05W03.4,71,70,-151,-150,3
05W1H5S2Q,05W05.2,70,69,-153,-152,1
05W1H6S3Q,05W06.3,69,68,-152,-151,1
05W2H1S3Q,05W07.3,67,66,-156,-155,1
05W2H1S4Q,05W07.4,67,66,-155,-154,1
05W2H2S4Q,05W08.4,67,66,-153,-152,6
05W2H3S2Q,05W09.2,68,67,-151,-150,5
05W2H3S3Q,05W09.3,67,66,-152,-151,3
05W2H4S3Q,05W10.3,65,64,-156,-155,4
05W2H4S4Q,05W10.4,65,64,-155,-154,1
05W2H5S1Q,05W11.1,66,65,-154,-153,2
05W2H5S2Q,05W11.2,66,65,-153,-152,2
05W2H6S1Q,05W12.1,66,65,-152,-151,1
05W2H6S2Q,05W12.2,66,65,-151,-150,5
05W2H6S3Q,05W12.3,65,64,-152,-151,1
05W2H6S4Q,05W12.4,65,64,-151,-150,3
06J1H6S4Q,06J06.4,-27,-28,-145,-144,2
06K1H1S3Q,06K01.3,-17,-18,-150,-149,160
06K1H2S2Q,06K02.2,-16,-17,-147,-146,1
06K1H3S1Q,06K03.1,-16,-17,-146,-145,2
06K1H3S2Q,06K03.2,-16,-17,-145,-144,1
06K1H3S3Q,06K03.3,-17,-18,-146,-145,1
06K2H4S3Q,06K10.3,-23,-24,-150,-149,9
06K2H5S3Q,06K11.3,-23,-24,-148,-147,5
06L2H4S4Q,06L10.4,-15,-16,-149,-148,2
06L2H5S1Q,06L11.1,-14,-15,-148,-147,2
06L2H5S2Q,06L11.2,-14,-15,-147,-146,2
06L2H5S4Q,06L11.4,-15,-16,-147,-146,3
06L2H6S1Q,06L12.1,-14,-15,-146,-145,1
06L2H6S2Q,06L12.2,-14,-15,-145,-144,1
06V1H1S1Q,06V01.1,64,63,-150,-149,6
06V1H1S2Q,06V01.2,64,63,-149,-148,8
06V1H1S3Q,06V01.3,63,62,-150,-149,4
06V1H2S1Q,06V02.1,64,63,-148,-147,1
06V1H2S4Q,06V02.4,63,62,-147,-146,6
06V1H3S1Q,06V03.1,64,63,-146,-145,5
06V1H3S2Q,06V03.2,64,63,-145,-144,6
06V1H3S3Q,06V03.3,63,62,-146,-145,12
06V1H3S4Q,06V03.4,63,62,-145,-144,2
06V1H4S1Q,06V04.1,62,61,-150,-149,55
06V1H4S2Q,06V04.2,62,61,-149,-148,9
06V1H4S3Q,06V04.3,61,60,-150,-149,32
06V1H4S4Q,06V04.4,61,60,-149,-148,5
06V1H5S1Q,06V05.1,62,61,-148,-147,2
06V1H5S2Q,06V05.2,62,61,-147,-146,4
06V1H5S3Q,06V05.3,61,60,-148,-147,3
06V1H5S4Q,06V05.4,61,60,-147,-146,4
06V1H6S1Q,06V06.1,62,61,-146,-145,8
06V1H6S2Q,06V06.2,62,61,-145,-144,6
06V1H6S3Q,06V06.3,61,60,-146,-145,6
06V1H6S4Q,06V06.4,61,60,-145,-144,1
06W1H1S4Q,06W01.4,71,70,-149,-148,4
06W1H4S2Q,06W04.2,70,69,-149,-148,1
06W1H6S3Q,06W06.3,69,68,-146,-145,2
06W2H1S1Q,06W07.1,68,67,-150,-149,1
06W2H1S2Q,06W07.2,68,67,-149,-148,2
06W2H1S3Q,06W07.3,67,66,-150,-149,2
06W2H2S2Q,06W08.2,68,67,-147,-146,2
06W2H2S3Q,06W08.3,67,66,-148,-147,2
06W2H2S4Q,06W08.4,67,66,-147,-146,2
06W2H3S1Q,06W09.1,68,67,-146,-145,1
06W2H3S3Q,06W09.3,67,66,-146,-145,5
06W2H4S1Q,06W10.1,66,65,-150,-149,3
06W2H4S2Q,06W10.2,66,65,-149,-148,2
06W2H4S3Q,06W10.3,65,64,-150,-149,7
06W2H4S4Q,06W10.4,65,64,-149,-148,5
06W2H5S1Q,06W11.1,66,65,-148,-147,2
06W2H5S2Q,06W11.2,66,65,-147,-146,1
06W2H5S3Q,06W11.3,65,64,-148,-147,27
06W2H5S4Q,06W11.4,65,64,-147,-146,6
06W2H6S1Q,06W12.1,66,65,-146,-145,1
06W2H6S2Q,06W12.2,66,65,-145,-144,6
06W2H6S3Q,06W12.3,65,64,-146,-145,3
06W2H6S4Q,06W12.4,65,64,-145,-144,1
07K1H1S1Q,07K01.1,-16,-17,-144,-143,2
07K1H1S2Q,07K01.2,-16,-17,-143,-142,1
07K1H1S4Q,07K01.4,-17,-18,-143,-142,2
07K1H2S4Q,07K02.4,-17,-18,-141,-140,1
07K1H4S2Q,07K04.2,-18,-19,-143,-142,1
07K1H5S2Q,07K05.2,-18,-19,-141,-140,1
07K2H3S2Q,07K09.2,-20,-21,-139,-138,1
07L1H2S2Q,07L02.2,-8,-9,-141,-140,7
07L1H3S3Q,07L03.3,-9,-10,-140,-139,16
07L1H3S4Q,07L03.4,-9,-10,-139,-138,1
07L1H6S1Q,07L06.1,-10,-11,-140,-139,1
07L1H6S2Q,07L06.2,-10,-11,-139,-138,4
07L2H4S4Q,07L10.4,-15,-16,-143,-142,1
07L2H5S1Q,07L11.1,-14,-15,-142,-141,2
07L2H5S4Q,07L11.4,-15,-16,-141,-140,2
07L2H6S2Q,07L12.2,-14,-15,-139,-138,1
07V1H1S1Q,07V01.1,64,63,-144,-143,3
07V1H1S2Q,07V01.2,64,63,-143,-142,4
07V1H1S3Q,07V01.3,63,62,-144,-143,5
07V1H1S4Q,07V01.4,63,62,-143,-142,2
07V1H2S1Q,07V02.1,64,63,-142,-141,2
07V1H2S3Q,07V02.3,63,62,-142,-141,9
07V1H2S4Q,07V02.4,63,62,-141,-140,2
07V1H3S1Q,07V03.1,64,63,-140,-139,5
07V1H3S2Q,07V03.2,64,63,-139,-138,13
07V1H3S3Q,07V03.3,63,62,-140,-139,2
07V1H3S4Q,07V03.4,63,62,-139,-138,3
07V1H4S2Q,07V04.2,62,61,-143,-142,4
07V1H4S4Q,07V04.4,61,60,-143,-142,1
07V1H5S2Q,07V05.2,62,61,-141,-140,2
07V1H6S1Q,07V06.1,62,61,-140,-139,2
07V1H6S2Q,07V06.2,62,61,-139,-138,2
07V2H3S1Q,07V09.1,60,59,-140,-139,3
07W1H1S3Q,07W01.3,71,70,-144,-143,1
07W1H4S2Q,07W04.2,70,69,-143,-142,1
07W1H5S1Q,07W05.1,70,69,-142,-141,1
07W2H1S2Q,07W07.2,68,67,-143,-142,1
07W2H1S3Q,07W07.3,67,66,-144,-143,2
07W2H1S4Q,07W07.4,67,66,-143,-142,2
07W2H2S1Q,07W08.1,68,67,-142,-141,1
07W2H3S1Q,07W09.1,68,67,-140,-139,1
07W2H3S4Q,07W09.4,67,66,-139,-138,1
07W2H4S1Q,07W10.1,66,65,-144,-143,2
07W2H4S2Q,07W10.2,66,65,-143,-142,1
07W2H5S3Q,07W11.3,65,64,-142,-141,8
07W2H5S4Q,07W11.4,65,64,-141,-140,4
07W2H6S3Q,07W12.3,65,64,-140,-139,8
08K2H2S3Q,08K08.3,-21,-22,-136,-135,1
08K2H5S3Q,08K11.3,-23,-24,-136,-135,2
08K2H5S4Q,08K11.4,-23,-24,-135,-134,19
08U1H3S1Q,08U03.1,56,55,-134,-133,12
08U1H3S2Q,08U03.2,56,55,-133,-132,10
08U1H3S3Q,08U03.3,55,54,-134,-133,2
08U1H3S4Q,08U03.4,55,54,-133,-132,4
08U1H6S2Q,08U06.2,54,53,-133,-132,7
08V1H1S1Q,08V01.1,64,63,-138,-137,6
08V1H1S2Q,08V01.2,64,63,-137,-136,3
08V1H1S3Q,08V01.3,63,62,-138,-137,1
08V1H1S4Q,08V01.4,63,62,-137,-136,5
08V1H2S1Q,08V02.1,64,63,-136,-135,7
08V1H2S3Q,08V02.3,63,62,-136,-135,1
08V1H3S1Q,08V03.1,64,63,-134,-133,1
08V1H3S3Q,08V03.3,63,62,-134,-133,1
08V1H4S1Q,08V04.1,62,61,-138,-137,1
08V1H4S2Q,08V04.2,62,61,-137,-136,1
08V1H4S3Q,08V04.3,61,60,-138,-137,6
08V1H4S4Q,08V04.4,61,60,-137,-136,2
08V1H5S1Q,08V05.1,62,61,-136,-135,2
08V1H5S2Q,08V05.2,62,61,-135,-134,3
08V1H5S3Q,08V05.3,61,60,-136,-135,7
08V1H5S4Q,08V05.4,61,60,-135,-134,12
08V1H6S2Q,08V06.2,62,61,-133,-132,1
08V1H6S3Q,08V06.3,61,60,-134,-133,4
08V1H6S4Q,08V06.4,61,60,-133,-132,2
08V2H1S2Q,08V07.2,60,59,-137,-136,7
08V2H1S4Q,08V07.4,59,58,-137,-136,2
08V2H2S1Q,08V08.1,60,59,-136,-135,16
08V2H2S2Q,08V08.2,60,59,-135,-134,2
08V2H2S3Q,08V08.3,59,58,-136,-135,10
08V2H2S4Q,08V08.4,59,58,-135,-134,19
08V2H3S1Q,08V09.1,60,59,-134,-133,4
08V2H3S3Q,08V09.3,59,58,-134,-133,1
08V2H4S2Q,08V10.2,58,57,-137,-136,2
08V2H5S1Q,08V11.1,58,57,-136,-135,6
08V2H5S2Q,08V11.2,58,57,-135,-134,7
08V2H5S3Q,08V11.3,57,56,-136,-135,1
08V2H5S4Q,08V11.4,57,56,-135,-134,3
08V2H6S1Q,08V12.1,58,57,-134,-133,3
08V2H6S3Q,08V12.3,57,56,-134,-133,8
08V2H6S4Q,08V12.4,57,56,-133,-132,8
08W1H4S4Q,08W04.4,69,68,-137,-136,1
08W1H5S2Q,08W05.2,70,69,-135,-134,1
08W1H5S3Q,08W05.3,69,68,-136,-135,1
08W1H5S4Q,08W05.4,69,68,-135,-134,1
08W1H6S1Q,08W06.1,70,69,-134,-133,3
08W1H6S3Q,08W06.3,69,68,-134,-133,1
08W2H1S1Q,08W07.1,68,67,-138,-137,1
08W2H1S4Q,08W07.4,67,66,-137,-136,1
08W2H2S2Q,08W08.2,68,67,-135,-134,1
08W2H3S1Q,08W09.1,68,67,-134,-133,1
08W2H3S3Q,08W09.3,67,66,-134,-133,2
09U1H1S1Q,09U01.1,56,55,-132,-131,20
09U1H1S2Q,09U01.2,56,55,-131,-130,2
09U1H1S4Q,09U01.4,55,54,-131,-130,6
09U1H2S1Q,09U02.1,56,55,-130,-129,2
09U1H2S2Q,09U02.2,56,55,-129,-128,2
09U1H2S3Q,09U02.3,55,54,-130,-129,1
09U1H2S4Q,09U02.4,55,54,-129,-128,5
09U1H3S1Q,09U03.1,56,55,-128,-127,12
09U1H3S2Q,09U03.2,56,55,-127,-126,3
09U1H3S3Q,09U03.3,55,54,-128,-127,7
09U1H3S4Q,09U03.4,55,54,-127,-126,8
09U1H4S1Q,09U04.1,54,53,-132,-131,4
09U1H4S2Q,09U04.2,54,53,-131,-130,1
09U1H4S3Q,09U04.3,53,52,-132,-131,6
09U1H5S2Q,09U05.2,54,53,-129,-128,1
09U1H5S4Q,09U05.4,53,52,-129,-128,1
09U1H6S1Q,09U06.1,54,53,-128,-127,1
09U1H6S2Q,09U06.2,54,53,-127,-126,6
09U1H6S4Q,09U06.4,53,52,-127,-126,4
09U2H2S4Q,09U08.4,51,50,-129,-128,1
09U2H3S1Q,09U09.1,52,51,-128,-127,3
09U2H3S3Q,09U09.3,51,50,-128,-127,9
09U2H3S4Q,09U09.4,51,50,-127,-126,17
09U2H6S2Q,09U12.2,50,49,-127,-126,13
09V1H1S4Q,09V01.4,63,62,-131,-130,1
09V1H4S4Q,09V04.4,61,60,-131,-130,1
09V1H5S1Q,09V05.1,62,61,-130,-129,1
09V1H5S3Q,09V05.3,61,60,-130,-129,1
09V1H5S4Q,09V05.4,61,60,-129,-128,2
09V2H1S3Q,09V07.3,59,58,-132,-131,5
09V2H1S4Q,09V07.4,59,58,-131,-130,5
09V2H2S1Q,09V08.1,60,59,-130,-129,3
09V2H2S2Q,09V08.2,60,59,-129,-128,1
09V2H2S3Q,09V08.3,59,58,-130,-129,2
09V2H3S1Q,09V09.1,60,59,-128,-127,1
09V2H3S2Q,09V09.2,60,59,-127,-126,3
09V2H4S1Q,09V10.1,58,57,-132,-131,2
09V2H4S2Q,09V10.2,58,57,-131,-130,1
09V2H4S3Q,09V10.3,57,56,-132,-131,2
09V2H4S4Q,09V10.4,57,56,-131,-130,3
09V2H5S1Q,09V11.1,58,57,-130,-129,1
09V2H5S2Q,09V11.2,58,57,-129,-128,1
09V2H5S3Q,09V11.3,57,56,-130,-129,2
09V2H6S3Q,09V12.3,57,56,-128,-127,2
09W1H5S2Q,09W05.2,70,69,-129,-128,2
09W2H1S1Q,09W07.1,68,67,-132,-131,1
09W2H1S2Q,09W07.2,68,67,-131,-130,1
09W2H2S3Q,09W08.3,67,66,-130,-129,1
09W2H2S4Q,09W08.4,67,66,-129,-128,1
09W2H6S1Q,09W12.1,66,65,-128,-127,1
09W2H6S2Q,09W12.2,66,65,-127,-126,1
10S1H2S1Q,10S02.1,40,39,-124,-123,119
10S1H2S2Q,10S02.2,40,39,-123,-122,110
10S1H2S3Q,10S02.3,39,38,-124,-123,59
10S1H2S4Q,10S02.4,39,38,-123,-122,363
10S1H3S1Q,10S03.1,40,39,-122,-121,271
10S1H3S2Q,10S03.2,40,39,-121,-120,228
10S1H3S3Q,10S03.3,39,38,-122,-121,351
10S1H3S4Q,10S03.4,39,38,-121,-120,333
10S1H5S2Q,10S05.2,38,37,-123,-122,420
10S1H5S4Q,10S05.4,37,36,-123,-122,6
10S1H6S1Q,10S06.1,38,37,-122,-121,216
10S1H6S2Q,10S06.2,38,37,-121,-120,179
10S1H6S3Q,10S06.3,37,36,-122,-121,148
10S1H6S4Q,10S06.4,37,36,-121,-120,60
10S2H3S1Q,10S09.1,36,35,-122,-121,18
10S2H3S2Q,10S09.2,36,35,-121,-120,91
10S2H3S4Q,10S09.4,35,34,-121,-120,63
10T1H1S2Q,10T01.2,48,47,-125,-124,35
10T1H1S4Q,10T01.4,47,46,-125,-124,30
10T1H2S1Q,10T02.1,48,47,-124,-123,60
10T1H2S2Q,10T02.2,48,47,-123,-122,753
10T1H2S3Q,10T02.3,47,46,-124,-123,183
10T1H2S4Q,10T02.4,47,46,-123,-122,132
10T1H3S1Q,10T03.1,48,47,-122,-121,119
10T1H3S2Q,10T03.2,48,47,-121,-120,63
10T1H3S3Q,10T03.3,47,46,-122,-121,20
10T1H3S4Q,10T03.4,47,46,-121,-120,84
10T1H4S2Q,10T04.2,46,45,-125,-124,1
10T1H4S4Q,10T04.4,45,44,-125,-124,38
10T1H5S1Q,10T05.1,46,45,-124,-123,136
10T1H5S2Q,10T05.2,46,45,-123,-122,406
10T1H5S3Q,10T05.3,45,44,-124,-123,125
10T1H5S4Q,10T05.4,45,44,-123,-122,77
10T1H6S1Q,10T06.1,46,45,-122,-121,97
10T1H6S2Q,10T06.2,46,45,-121,-120,51
10T1H6S3Q,10T06.3,45,44,-122,-121,27
10T1H6S4Q,10T06.4,45,44,-121,-120,13
10T2H1S2Q,10T07.2,44,43,-125,-124,66
10T2H1S4Q,10T07.4,43,42,-125,-124,21
10T2H2S1Q,10T08.1,44,43,-124,-123,80
10T2H2S2Q,10T08.2,44,43,-123,-122,22
10T2H2S3Q,10T08.3,43,42,-124,-123,62
10T2H2S4Q,10T08.4,43,42,-123,-122,39
10T2H3S1Q,10T09.1,44,43,-122,-121,13
10T2H3S2Q,10T09.2,44,43,-121,-120,4
10T2H3S3Q,10T09.3,43,42,-122,-121,36
10T2H3S4Q,10T09.4,43,42,-121,-120,8
10T2H4S2Q,10T10.2,42,41,-125,-124,25
10T2H4S4Q,10T10.4,41,40,-125,-124,77
10T2H5S1Q,10T11.1,42,41,-124,-123,35
10T2H5S2Q,10T11.2,42,41,-123,-122,87
10T2H5S3Q,10T11.3,41,40,-124,-123,91
10T2H5S4Q,10T11.4,41,40,-123,-122,121
10T2H6S1Q,10T12.1,42,41,-122,-121,66
10T2H6S2Q,10T12.2,42,41,-121,-120,48
10T2H6S3Q,10T12.3,41,40,-122,-121,110
10T2H6S4Q,10T12.4,41,40,-121,-120,47
10U1H1S1Q,10U01.1,56,55,-126,-125,2
10U1H1S2Q,10U01.2,56,55,-125,-124,2
10U1H1S3Q,10U01.3,55,54,-126,-125,3
10U1H1S4Q,10U01.4,55,54,-125,-124,9
10U1H2S1Q,10U02.1,56,55,-124,-123,1
10U1H2S2Q,10U02.2,56,55,-123,-122,4
10U1H2S3Q,10U02.3,55,54,-124,-123,1
10U1H2S4Q,10U02.4,55,54,-123,-122,6
10U1H3S1Q,10U03.1,56,55,-122,-121,3
10U1H3S2Q,10U03.2,56,55,-121,-120,19
10U1H4S1Q,10U04.1,54,53,-126,-125,6
10U1H4S2Q,10U04.2,54,53,-125,-124,2
10U1H4S3Q,10U04.3,53,52,-126,-125,4
10U1H5S1Q,10U05.1,54,53,-124,-123,8
10U1H5S2Q,10U05.2,54,53,-123,-122,12
10U1H5S3Q,10U05.3,53,52,-124,-123,2
10U1H5S4Q,10U05.4,53,52,-123,-122,5
10U1H6S1Q,10U06.1,54,53,-122,-121,7
10U1H6S2Q,10U06.2,54,53,-121,-120,4
10U1H6S3Q,10U06.3,53,52,-122,-121,7
10U2H1S2Q,10U07.2,52,51,-125,-124,2
10U2H1S3Q,10U07.3,51,50,-126,-125,22
10U2H1S4Q,10U07.4,51,50,-125,-124,10
10U2H2S1Q,10U08.1,52,51,-124,-123,4
10U2H2S2Q,10U08.2,52,51,-123,-122,1
10U2H2S3Q,10U08.3,51,50,-124,-123,2
10U2H2S4Q,10U08.4,51,50,-123,-122,18
10U2H3S1Q,10U09.1,52,51,-122,-121,17
10U2H3S2Q,10U09.2,52,51,-121,-120,12
10U2H3S3Q,10U09.3,51,50,-122,-121,14
10U2H3S4Q,10U09.4,51,50,-121,-120,12
10U2H4S1Q,10U10.1,50,49,-126,-125,6
10U2H4S2Q,10U10.2,50,49,-125,-124,17
10U2H4S3Q,10U10.3,49,48,-126,-125,5
10U2H4S4Q,10U10.4,49,48,-125,-124,17
10U2H5S1Q,10U11.1,50,49,-124,-123,51
10U2H5S2Q,10U11.2,50,49,-123,-122,32
10U2H5S3Q,10U11.3,49,48,-124,-123,83
10U2H5S4Q,10U11.4,49,48,-123,-122,304
10U2H6S1Q,10U12.1,50,49,-122,-121,20
10U2H6S2Q,10U12.2,50,49,-121,-120,7
10U2H6S3Q,10U12.3,49,48,-122,-121,41
10U2H6S4Q,10U12.4,49,48,-121,-120,14
10V1H2S1Q,10V02.1,64,63,-124,-123,1
10V1H2S3Q,10V02.3,63,62,-124,-123,1
10V1H5S3Q,10V05.3,61,60,-124,-123,2
10V1H6S1Q,10V06.1,62,61,-122,-121,2
10V1H6S2Q,10V06.2,62,61,-121,-120,1
10V2H1S2Q,10V07.2,60,59,-125,-124,1
10V2H1S3Q,10V07.3,59,58,-126,-125,3
10V2H1S4Q,10V07.4,59,58,-125,-124,1
10V2H2S2Q,10V08.2,60,59,-123,-122,1
10V2H2S3Q,10V08.3,59,58,-124,-123,1
10V2H2S4Q,10V08.4,59,58,-123,-122,3
10V2H3S3Q,10V09.3,59,58,-122,-121,1
10V2H4S3Q,10V10.3,57,56,-126,-125,1
10V2H4S4Q,10V10.4,57,56,-125,-124,1
10V2H5S2Q,10V11.2,58,57,-123,-122,3
10V2H5S4Q,10V11.4,57,56,-123,-122,12
10V2H6S3Q,10V12.3,57,56,-122,-121,6
10V2H6S4Q,10V12.4,57,56,-121,-120,9
10W1H1S1Q,10W01.1,72,71,-126,-125,1
10W1H1S4Q,10W01.4,71,70,-125,-124,1
10W1H4S2Q,10W04.2,70,69,-125,-124,2
10W2H4S3Q,10W10.3,65,64,-126,-125,2
10W2H5S1Q,10W11.1,66,65,-124,-123,2
11R1H2S2Q,11R02.2,32,31,-117,-116,158
11R1H2S4Q,11R02.4,31,30,-117,-116,22
11R1H3S1Q,11R03.1,32,31,-116,-115,78
11R1H3S2Q,11R03.2,32,31,-115,-114,14
11R1H3S3Q,11R03.3,31,30,-116,-115,83
11R1H3S4Q,11R03.4,31,30,-115,-114,20
11R1H6S1Q,11R06.1,30,29,-116,-115,18
11R1H6S2Q,11R06.2,30,29,-115,-114,41
11R1H6S3Q,11R06.3,29,28,-116,-115,2
11R1H6S4Q,11R06.4,29,28,-115,-114,16
11R2H3S1Q,11R09.1,28,27,-116,-115,3
11R2H3S2Q,11R09.2,28,27,-115,-114,28
11S1H1S1Q,11S01.1,40,39,-120,-119,101
11S1H1S2Q,11S01.2,40,39,-119,-118,18
11S1H1S3Q,11S01.3,39,38,-120,-119,82
11S1H1S4Q,11S01.4,39,38,-119,-118,26
11S1H2S1Q,11S02.1,40,39,-118,-117,12
11S1H2S2Q,11S02.2,40,39,-117,-116,2
11S1H2S3Q,11S02.3,39,38,-118,-117,27
11S1H2S4Q,11S02.4,39,38,-117,-116,8
11S1H3S1Q,11S03.1,40,39,-116,-115,12
11S1H3S2Q,11S03.2,40,39,-115,-114,26
11S1H3S3Q,11S03.3,39,38,-116,-115,12
11S1H3S4Q,11S03.4,39,38,-115,-114,7
11S1H4S1Q,11S04.1,38,37,-120,-119,91
11S1H4S2Q,11S04.2,38,37,-119,-118,47
11S1H4S3Q,11S04.3,37,36,-120,-119,263
11S1H4S4Q,11S04.4,37,36,-119,-118,56
11S1H5S1Q,11S05.1,38,37,-118,-117,25
11S1H5S2Q,11S05.2,38,37,-117,-116,4
11S1H5S3Q,11S05.3,37,36,-118,-117,23
11S1H5S4Q,11S05.4,37,36,-117,-116,23
11S1H6S1Q,11S06.1,38,37,-116,-115,7
11S1H6S2Q,11S06.2,38,37,-115,-114,34
11S1H6S3Q,11S06.3,37,36,-116,-115,47
11S1H6S4Q,11S06.4,37,36,-115,-114,33
11S2H1S1Q,11S07.1,36,35,-120,-119,126
11S2H1S2Q,11S07.2,36,35,-119,-118,119
11S2H1S3Q,11S07.3,35,34,-120,-119,101
11S2H1S4Q,11S07.4,35,34,-119,-118,373
11S2H2S1Q,11S08.1,36,35,-118,-117,55
11S2H2S2Q,11S08.2,36,35,-117,-116,26
11S2H2S3Q,11S08.3,35,34,-118,-117,280
11S2H2S4Q,11S08.4,35,34,-117,-116,64
11S2H3S1Q,11S09.1,36,35,-116,-115,39
11S2H3S2Q,11S09.2,36,35,-115,-114,40
11S2H3S3Q,11S09.3,35,34,-116,-115,19
11S2H3S4Q,11S09.4,35,34,-115,-114,51
11S2H4S2Q,11S10.2,34,33,-119,-118,196
11S2H5S1Q,11S11.1,34,33,-118,-117,328
11S2H5S2Q,11S11.2,34,33,-117,-116,127
11S2H5S3Q,11S11.3,33,32,-118,-117,119
11S2H5S4Q,11S11.4,33,32,-117,-116,379
11S2H6S1Q,11S12.1,34,33,-116,-115,41
11S2H6S2Q,11S12.2,34,33,-115,-114,30
11S2H6S3Q,11S12.3,33,32,-116,-115,275
11S2H6S4Q,11S12.4,33,32,-115,-114,123
11T1H1S1Q,11T01.1,48,47,-120,-119,65
11T1H1S2Q,11T01.2,48,47,-119,-118,59
11T1H1S3Q,11T01.3,47,46,-120,-119,89
11T1H1S4Q,11T01.4,47,46,-119,-118,137
11T1H2S1Q,11T02.1,48,47,-118,-117,159
11T1H2S2Q,11T02.2,48,47,-117,-116,115
11T1H2S3Q,11T02.3,47,46,-118,-117,107
11T1H2S4Q,11T02.4,47,46,-117,-116,117
11T1H3S1Q,11T03.1,48,47,-116,-115,71
11T1H3S2Q,11T03.2,48,47,-115,-114,92
11T1H3S3Q,11T03.3,47,46,-116,-115,30
11T1H3S4Q,11T03.4,47,46,-115,-114,55
11T1H4S1Q,11T04.1,46,45,-120,-119,36
11T1H4S2Q,11T04.2,46,45,-119,-118,46
11T1H4S3Q,11T04.3,45,44,-120,-119,17
11T1H4S4Q,11T04.4,45,44,-119,-118,23
11T1H5S1Q,11T05.1,46,45,-118,-117,26
11T1H5S2Q,11T05.2,46,45,-117,-116,38
11T1H5S3Q,11T05.3,45,44,-118,-117,35
11T1H5S4Q,11T05.4,45,44,-117,-116,68
11T1H6S1Q,11T06.1,46,45,-116,-115,32
11T1H6S2Q,11T06.2,46,45,-115,-114,9
11T1H6S3Q,11T06.3,45,44,-116,-115,20
11T1H6S4Q,11T06.4,45,44,-115,-114,15
11T2H1S1Q,11T07.1,44,43,-120,-119,6
11T2H1S2Q,11T07.2,44,43,-119,-118,17
11T2H1S3Q,11T07.3,43,42,-120,-119,2
11T2H1S4Q,11T07.4,43,42,-119,-118,3
11T2H2S1Q,11T08.1,44,43,-118,-117,10
11T2H2S2Q,11T08.2,44,43,-117,-116,101
11T2H2S3Q,11T08.3,43,42,-118,-117,5
11T2H2S4Q,11T08.4,43,42,-117,-116,20
11T2H3S1Q,11T09.1,44,43,-116,-115,32
11T2H3S2Q,11T09.2,44,43,-115,-114,36
11T2H3S3Q,11T09.3,43,42,-116,-115,16
11T2H3S4Q,11T09.4,43,42,-115,-114,65
11T2H4S1Q,11T10.1,42,41,-120,-119,6
11T2H4S2Q,11T10.2,42,41,-119,-118,5
11T2H4S3Q,11T10.3,41,40,-120,-119,19
11T2H4S4Q,11T10.4,41,40,-119,-118,28
11T2H5S1Q,11T11.1,42,41,-118,-117,15
11T2H5S2Q,11T11.2,42,41,-117,-116,9
11T2H5S3Q,11T11.3,41,40,-118,-117,17
11T2H5S4Q,11T11.4,41,40,-117,-116,35
11T2H6S1Q,11T12.1,42,41,-116,-115,15
11T2H6S2Q,11T12.2,42,41,-115,-114,19
11T2H6S3Q,11T12.3,41,40,-116,-115,24
11T2H6S4Q,11T12.4,41,40,-115,-114,19
11U1H1S1Q,11U01.1,56,55,-120,-119,29
11U1H1S2Q,11U01.2,56,55,-119,-118,28
11U1H1S3Q,11U01.3,55,54,-120,-119,2
11U1H2S1Q,11U02.1,56,55,-118,-117,11
11U1H2S2Q,11U02.2,56,55,-117,-116,15
11U1H2S4Q,11U02.4,55,54,-117,-116,2
11U1H3S1Q,11U03.1,56,55,-116,-115,3
11U1H3S2Q,11U03.2,56,55,-115,-114,6
11U1H3S3Q,11U03.3,55,54,-116,-115,7
11U1H3S4Q,11U03.4,55,54,-115,-114,35
11U1H4S1Q,11U04.1,54,53,-120,-119,4
11U1H4S2Q,11U04.2,54,53,-119,-118,4
11U1H4S3Q,11U04.3,53,52,-120,-119,5
11U1H4S4Q,11U04.4,53,52,-119,-118,6
11U1H5S1Q,11U05.1,54,53,-118,-117,20
11U1H5S2Q,11U05.2,54,53,-117,-116,17
11U1H5S3Q,11U05.3,53,52,-118,-117,1
11U1H5S4Q,11U05.4,53,52,-117,-116,2
11U1H6S1Q,11U06.1,54,53,-116,-115,28
11U1H6S2Q,11U06.2,54,53,-115,-114,92
11U1H6S3Q,11U06.3,53,52,-116,-115,13
11U1H6S4Q,11U06.4,53,52,-115,-114,45
11U2H1S1Q,11U07.1,52,51,-120,-119,3
11U2H1S3Q,11U07.3,51,50,-120,-119,23
11U2H1S4Q,11U07.4,51,50,-119,-118,6
11U2H2S1Q,11U08.1,52,51,-118,-117,5
11U2H2S2Q,11U08.2,52,51,-117,-116,7
11U2H2S3Q,11U08.3,51,50,-118,-117,19
11U2H2S4Q,11U08.4,51,50,-117,-116,9
11U2H3S1Q,11U09.1,52,51,-116,-115,15
11U2H3S2Q,11U09.2,52,51,-115,-114,53
11U2H3S3Q,11U09.3,51,50,-116,-115,1
11U2H3S4Q,11U09.4,51,50,-115,-114,19
11U2H4S1Q,11U10.1,50,49,-120,-119,22
11U2H4S2Q,11U10.2,50,49,-119,-118,23
11U2H4S3Q,11U10.3,49,48,-120,-119,45
11U2H4S4Q,11U10.4,49,48,-119,-118,53
11U2H5S1Q,11U11.1,50,49,-118,-117,26
11U2H5S2Q,11U11.2,50,49,-117,-116,11
11U2H5S3Q,11U11.3,49,48,-118,-117,62
11U2H5S4Q,11U11.4,49,48,-117,-116,84
11U2H6S1Q,11U12.1,50,49,-116,-115,17
11U2H6S2Q,11U12.2,50,49,-115,-114,15
11U2H6S3Q,11U12.3,49,48,-116,-115,20
11U2H6S4Q,11U12.4,49,48,-115,-114,59
11V1H2S1Q,11V02.1,64,63,-118,-117,1
11V1H2S4Q,11V02.4,63,62,-117,-116,1
11V1H3S3Q,11V03.3,63,62,-116,-115,1
11V1H3S4Q,11V03.4,63,62,-115,-114,2
11V1H4S1Q,11V04.1,62,61,-120,-119,1
11V1H4S2Q,11V04.2,62,61,-119,-118,1
11V1H5S1Q,11V05.1,62,61,-118,-117,1
11V1H5S3Q,11V05.3,61,60,-118,-117,1
11V1H6S3Q,11V06.3,61,60,-116,-115,2
11V1H6S4Q,11V06.4,61,60,-115,-114,2
11V2H1S3Q,11V07.3,59,58,-120,-119,1
11V2H1S4Q,11V07.4,59,58,-119,-118,2
11V2H2S1Q,11V08.1,60,59,-118,-117,3
11V2H2S3Q,11V08.3,59,58,-118,-117,4
11V2H2S4Q,11V08.4,59,58,-117,-116,4
11V2H3S3Q,11V09.3,59,58,-116,-115,3
11V2H3S4Q,11V09.4,59,58,-115,-114,2
11V2H4S3Q,11V10.3,57,56,-120,-119,7
11V2H4S4Q,11V10.4,57,56,-119,-118,13
11V2H5S1Q,11V11.1,58,57,-118,-117,4
11V2H5S2Q,11V11.2,58,57,-117,-116,1
11V2H5S3Q,11V11.3,57,56,-118,-117,22
11V2H5S4Q,11V11.4,57,56,-117,-116,3
11V2H6S3Q,11V12.3,57,56,-116,-115,1
11W1H2S1Q,11W02.1,72,71,-118,-117,1
11W1H2S3Q,11W02.3,71,70,-118,-117,1
11W2H3S1Q,11W09.1,68,67,-116,-115,1
11W2H4S2Q,11W10.2,66,65,-119,-118,1
12J1H6S3Q,12J06.3,-27,-28,-110,-109,3
12Q1H2S2Q,12Q02.2,24,23,-111,-110,76
12Q1H2S4Q,12Q02.4,23,22,-111,-110,4
12Q1H3S1Q,12Q03.1,24,23,-110,-109,88
12Q1H3S3Q,12Q03.3,23,22,-110,-109,8
12R1H1S1Q,12R01.1,32,31,-114,-113,19
12R1H1S2Q,12R01.2,32,31,-113,-112,109
12R1H1S3Q,12R01.3,31,30,-114,-113,13
12R1H1S4Q,12R01.4,31,30,-113,-112,158
12R1H2S1Q,12R02.1,32,31,-112,-111,146
12R1H2S2Q,12R02.2,32,31,-111,-110,173
12R1H2S3Q,12R02.3,31,30,-112,-111,331
12R1H2S4Q,12R02.4,31,30,-111,-110,311
12R1H3S1Q,12R03.1,32,31,-110,-109,83
12R1H3S2Q,12R03.2,32,31,-109,-108,91
12R1H3S3Q,12R03.3,31,30,-110,-109,140
12R1H3S4Q,12R03.4,31,30,-109,-108,167
12R1H4S1Q,12R04.1,30,29,-114,-113,3
12R1H4S2Q,12R04.2,30,29,-113,-112,31
12R1H4S3Q,12R04.3,29,28,-114,-113,57
12R1H4S4Q,12R04.4,29,28,-113,-112,9
12R1H5S1Q,12R05.1,30,29,-112,-111,157
12R1H5S2Q,12R05.2,30,29,-111,-110,384
12R1H5S3Q,12R05.3,29,28,-112,-111,285
12R1H5S4Q,12R05.4,29,28,-111,-110,238
12R1H6S1Q,12R06.1,30,29,-110,-109,171
12R1H6S2Q,12R06.2,30,29,-109,-108,147
12R1H6S3Q,12R06.3,29,28,-110,-109,296
12R1H6S4Q,12R06.4,29,28,-109,-108,301
12R2H1S1Q,12R07.1,28,27,-114,-113,43
12R2H1S2Q,12R07.2,28,27,-113,-112,58
12R2H1S3Q,12R07.3,27,26,-114,-113,6
12R2H1S4Q,12R07.4,27,26,-113,-112,71
12R2H2S1Q,12R08.1,28,27,-112,-111,5
12R2H2S2Q,12R08.2,28,27,-111,-110,192
12R2H2S3Q,12R08.3,27,26,-112,-111,62
12R2H3S1Q,12R09.1,28,27,-110,-109,346
12R2H3S2Q,12R09.2,28,27,-109,-108,443
12R2H3S3Q,12R09.3,27,26,-110,-109,206
12R2H3S4Q,12R09.4,27,26,-109,-108,425
12R2H4S2Q,12R10.2,26,25,-113,-112,18
12R2H4S4Q,12R10.4,25,24,-113,-112,6
12R2H5S1Q,12R11.1,26,25,-112,-111,130
12R2H5S2Q,12R11.2,26,25,-111,-110,4
12R2H5S3Q,12R11.3,25,24,-112,-111,97
12R2H5S4Q,12R11.4,25,24,-111,-110,87
12R2H6S1Q,12R12.1,26,25,-110,-109,84
12R2H6S2Q,12R12.2,26,25,-109,-108,631
12R2H6S3Q,12R12.3,25,24,-110,-109,6
12R2H6S4Q,12R12.4,25,24,-109,-108,5
12S1H1S1Q,12S01.1,40,39,-114,-113,7
12S1H1S2Q,12S01.2,40,39,-113,-112,39
12S1H1S3Q,12S01.3,39,38,-114,-113,13
12S1H1S4Q,12S01.4,39,38,-113,-112,53
12S1H2S1Q,12S02.1,40,39,-112,-111,67
12S1H2S2Q,12S02.2,40,39,-111,-110,36
12S1H2S3Q,12S02.3,39,38,-112,-111,26
12S1H2S4Q,12S02.4,39,38,-111,-110,4
12S1H3S1Q,12S03.1,40,39,-110,-109,12
12S1H3S2Q,12S03.2,40,39,-109,-108,36
12S1H3S3Q,12S03.3,39,38,-110,-109,17
12S1H3S4Q,12S03.4,39,38,-109,-108,34
12S1H4S1Q,12S04.1,38,37,-114,-113,51
12S1H4S2Q,12S04.2,38,37,-113,-112,29
12S1H4S3Q,12S04.3,37,36,-114,-113,5
12S1H4S4Q,12S04.4,37,36,-113,-112,21
12S1H5S1Q,12S05.1,38,37,-112,-111,6
12S1H5S2Q,12S05.2,38,37,-111,-110,17
12S1H5S3Q,12S05.3,37,36,-112,-111,18
12S1H5S4Q,12S05.4,37,36,-111,-110,19
12S1H6S1Q,12S06.1,38,37,-110,-109,25
12S1H6S2Q,12S06.2,38,37,-109,-108,30
12S1H6S3Q,12S06.3,37,36,-110,-109,47
12S1H6S4Q,12S06.4,37,36,-109,-108,43
12S2H1S1Q,12S07.1,36,35,-114,-113,16
12S2H1S2Q,12S07.2,36,35,-113,-112,27
12S2H1S3Q,12S07.3,35,34,-114,-113,11
12S2H1S4Q,12S07.4,35,34,-113,-112,124
12S2H2S1Q,12S08.1,36,35,-112,-111,32
12S2H2S2Q,12S08.2,36,35,-111,-110,65
12S2H2S3Q,12S08.3,35,34,-112,-111,104
12S2H2S4Q,12S08.4,35,34,-111,-110,43
12S2H3S1Q,12S09.1,36,35,-110,-109,47
12S2H3S2Q,12S09.2,36,35,-109,-108,85
12S2H3S3Q,12S09.3,35,34,-110,-109,33
12S2H3S4Q,12S09.4,35,34,-109,-108,19
12S2H4S1Q,12S10.1,34,33,-114,-113,28
12S2H4S2Q,12S10.2,34,33,-113,-112,238
12S2H4S3Q,12S10.3,33,32,-114,-113,27
12S2H4S4Q,12S10.4,33,32,-113,-112,70
12S2H5S1Q,12S11.1,34,33,-112,-111,294
12S2H5S2Q,12S11.2,34,33,-111,-110,58
12S2H5S3Q,12S11.3,33,32,-112,-111,80
12S2H5S4Q,12S11.4,33,32,-111,-110,71
12S2H6S1Q,12S12.1,34,33,-110,-109,36
12S2H6S2Q,12S12.2,34,33,-109,-108,27
12S2H6S3Q,12S12.3,33,32,-110,-109,58
12S2H6S4Q,12S12.4,33,32,-109,-108,53
12T1H1S1Q,12T01.1,48,47,-114,-113,10
12T1H1S2Q,12T01.2,48,47,-113,-112,28
12T1H1S3Q,12T01.3,47,46,-114,-113,59
12T1H1S4Q,12T01.4,47,46,-113,-112,102
12T1H2S1Q,12T02.1,48,47,-112,-111,66
12T1H2S2Q,12T02.2,48,47,-111,-110,45
12T1H2S3Q,12T02.3,47,46,-112,-111,50
12T1H2S4Q,12T02.4,47,46,-111,-110,31
12T1H3S1Q,12T03.1,48,47,-110,-109,37
12T1H3S2Q,12T03.2,48,47,-109,-108,16
12T1H3S3Q,12T03.3,47,46,-110,-109,27
12T1H3S4Q,12T03.4,47,46,-109,-108,22
12T1H4S1Q,12T04.1,46,45,-114,-113,15
12T1H4S2Q,12T04.2,46,45,-113,-112,79
12T1H4S3Q,12T04.3,45,44,-114,-113,17
12T1H4S4Q,12T04.4,45,44,-113,-112,16
12T1H5S1Q,12T05.1,46,45,-112,-111,90
12T1H5S2Q,12T05.2,46,45,-111,-110,56
12T1H5S3Q,12T05.3,45,44,-112,-111,37
12T1H5S4Q,12T05.4,45,44,-111,-110,12
12T1H6S1Q,12T06.1,46,45,-110,-109,41
12T1H6S2Q,12T06.2,46,45,-109,-108,47
12T1H6S3Q,12T06.3,45,44,-110,-109,6
12T1H6S4Q,12T06.4,45,44,-109,-108,28
12T2H1S1Q,12T07.1,44,43,-114,-113,16
12T2H1S2Q,12T07.2,44,43,-113,-112,63
12T2H1S3Q,12T07.3,43,42,-114,-113,53
12T2H1S4Q,12T07.4,43,42,-113,-112,58
12T2H2S1Q,12T08.1,44,43,-112,-111,89
12T2H2S2Q,12T08.2,44,43,-111,-110,25
12T2H2S3Q,12T08.3,43,42,-112,-111,82
12T2H2S4Q,12T08.4,43,42,-111,-110,26
12T2H3S1Q,12T09.1,44,43,-110,-109,9
12T2H3S2Q,12T09.2,44,43,-109,-108,33
12T2H3S3Q,12T09.3,43,42,-110,-109,15
12T2H3S4Q,12T09.4,43,42,-109,-108,21
12T2H4S1Q,12T10.1,42,41,-114,-113,16
12T2H4S2Q,12T10.2,42,41,-113,-112,327
12T2H4S3Q,12T10.3,41,40,-114,-113,10
12T2H4S4Q,12T10.4,41,40,-113,-112,222
12T2H5S1Q,12T11.1,42,41,-112,-111,746
12T2H5S2Q,12T11.2,42,41,-111,-110,41
12T2H5S3Q,12T11.3,41,40,-112,-111,2050
12T2H5S4Q,12T11.4,41,40,-111,-110,22
12T2H6S1Q,12T12.1,42,41,-110,-109,34
12T2H6S2Q,12T12.2,42,41,-109,-108,14
12T2H6S3Q,12T12.3,41,40,-110,-109,31
12T2H6S4Q,12T12.4,41,40,-109,-108,16
12U1H1S1Q,12U01.1,56,55,-114,-113,3
12U1H1S2Q,12U01.2,56,55,-113,-112,7
12U1H1S3Q,12U01.3,55,54,-114,-113,40
12U1H1S4Q,12U01.4,55,54,-113,-112,27
12U1H2S1Q,12U02.1,56,55,-112,-111,5
12U1H2S2Q,12U02.2,56,55,-111,-110,1
12U1H2S3Q,12U02.3,55,54,-112,-111,27
12U1H2S4Q,12U02.4,55,54,-111,-110,19
12U1H3S1Q,12U03.1,56,55,-110,-109,1
12U1H3S2Q,12U03.2,56,55,-109,-108,6
12U1H3S3Q,12U03.3,55,54,-110,-109,10
12U1H3S4Q,12U03.4,55,54,-109,-108,10
12U1H4S1Q,12U04.1,54,53,-114,-113,47
12U1H4S2Q,12U04.2,54,53,-113,-112,48
12U1H4S3Q,12U04.3,53,52,-114,-113,47
12U1H4S4Q,12U04.4,53,52,-113,-112,35
12U1H5S1Q,12U05.1,54,53,-112,-111,23
12U1H5S2Q,12U05.2,54,53,-111,-110,23
12U1H5S3Q,12U05.3,53,52,-112,-111,35
12U1H5S4Q,12U05.4,53,52,-111,-110,29
12U1H6S1Q,12U06.1,54,53,-110,-109,33
12U1H6S2Q,12U06.2,54,53,-109,-108,57
12U1H6S3Q,12U06.3,53,52,-110,-109,19
12U1H6S4Q,12U06.4,53,52,-109,-108,22
12U2H1S1Q,12U07.1,52,51,-114,-113,56
12U2H1S2Q,12U07.2,52,51,-113,-112,36
12U2H1S3Q,12U07.3,51,50,-114,-113,35
12U2H1S4Q,12U07.4,51,50,-113,-112,26
12U2H2S1Q,12U08.1,52,51,-112,-111,24
12U2H2S2Q,12U08.2,52,51,-111,-110,20
12U2H2S3Q,12U08.3,51,50,-112,-111,19
12U2H2S4Q,12U08.4,51,50,-111,-110,14
12U2H3S1Q,12U09.1,52,51,-110,-109,15
12U2H3S2Q,12U09.2,52,51,-109,-108,18
12U2H3S3Q,12U09.3,51,50,-110,-109,12
12U2H3S4Q,12U09.4,51,50,-109,-108,20
12U2H4S1Q,12U10.1,50,49,-114,-113,32
12U2H4S2Q,12U10.2,50,49,-113,-112,30
12U2H4S3Q,12U10.3,49,48,-114,-113,43
12U2H4S4Q,12U10.4,49,48,-113,-112,39
12U2H5S1Q,12U11.1,50,49,-112,-111,19
12U2H5S2Q,12U11.2,50,49,-111,-110,14
12U2H5S3Q,12U11.3,49,48,-112,-111,27
12U2H5S4Q,12U11.4,49,48,-111,-110,27
12U2H6S1Q,12U12.1,50,49,-110,-109,16
12U2H6S2Q,12U12.2,50,49,-109,-108,17
12U2H6S3Q,12U12.3,49,48,-110,-109,38
12U2H6S4Q,12U12.4,49,48,-109,-108,19
12V1H1S1Q,12V01.1,64,63,-114,-113,1
12V1H1S3Q,12V01.3,63,62,-114,-113,1
12V1H2S4Q,12V02.4,63,62,-111,-110,2
12V1H4S1Q,12V04.1,62,61,-114,-113,2
12V1H4S2Q,12V04.2,62,61,-113,-112,2
12V1H4S4Q,12V04.4,61,60,-113,-112,3
12V1H5S3Q,12V05.3,61,60,-112,-111,1
12V2H1S2Q,12V07.2,60,59,-113,-112,2
12V2H1S3Q,12V07.3,59,58,-114,-113,3
12V2H2S3Q,12V08.3,59,58,-112,-111,7
12V2H2S4Q,12V08.4,59,58,-111,-110,1
12V2H3S1Q,12V09.1,60,59,-110,-109,1
12V2H3S2Q,12V09.2,60,59,-109,-108,5
12V2H4S3Q,12V10.3,57,56,-114,-113,1
12V2H5S1Q,12V11.1,58,57,-112,-111,3
12V2H5S3Q,12V11.3,57,56,-112,-111,3
12V2H5S4Q,12V11.4,57,56,-111,-110,4
12V2H6S1Q,12V12.1,58,57,-110,-109,1
12V2H6S3Q,12V12.3,57,56,-110,-109,4
12V2H6S4Q,12V12.4,57,56,-109,-108,2
12W1H4S1Q,12W04.1,70,69,-114,-113,1
12W2H3S4Q,12W09.4,67,66,-109,-108,1
12W2H4S3Q,12W10.3,65,64,-114,-113,1
12W2H5S1Q,12W11.1,66,65,-112,-111,1
13Q1H1S1Q,13Q01.1,24,23,-108,-107,2
13Q1H1S2Q,13Q01.2,24,23,-107,-106,313
13Q1H1S4Q,13Q01.4,23,22,-107,-106,11
13Q1H2S1Q,13Q02.1,24,23,-106,-105,256
13Q1H2S2Q,13Q02.2,24,23,-105,-104,192
13Q1H2S3Q,13Q02.3,23,22,-106,-105,590
13Q1H2S4Q,13Q02.4,23,22,-105,-104,324
13Q1H3S1Q,13Q03.1,24,23,-104,-103,426
13Q1H3S2Q,13Q03.2,24,23,-103,-102,343
13Q1H3S3Q,13Q03.3,23,22,-104,-103,386
13Q1H3S4Q,13Q03.4,23,22,-103,-102,698
13Q1H4S2Q,13Q04.2,22,21,-107,-106,9
13Q1H5S1Q,13Q05.1,22,21,-106,-105,359
13Q1H5S2Q,13Q05.2,22,21,-105,-104,746
13Q1H5S3Q,13Q05.3,21,20,-106,-105,216
13Q1H5S4Q,13Q05.4,21,20,-105,-104,403
13Q1H6S1Q,13Q06.1,22,21,-104,-103,401
13Q1H6S2Q,13Q06.2,22,21,-103,-102,722
13Q1H6S3Q,13Q06.3,21,20,-104,-103,458
13Q1H6S4Q,13Q06.4,21,20,-103,-102,556
13Q2H2S1Q,13Q08.1,20,19,-106,-105,75
13Q2H2S2Q,13Q08.2,20,19,-105,-104,482
13Q2H2S4Q,13Q08.4,19,18,-105,-104,23
13Q2H3S1Q,13Q09.1,20,19,-104,-103,582
13Q2H3S2Q,13Q09.2,20,19,-103,-102,499
13Q2H3S3Q,13Q09.3,19,18,-104,-103,338
13Q2H3S4Q,13Q09.4,19,18,-103,-102,275
13Q2H6S2Q,13Q12.2,18,17,-103,-102,19
13R1H1S1Q,13R01.1,32,31,-108,-107,88
13R1H1S2Q,13R01.2,32,31,-107,-106,316
13R1H1S3Q,13R01.3,31,30,-108,-107,177
13R1H1S4Q,13R01.4,31,30,-107,-106,163
13R1H2S1Q,13R02.1,32,31,-106,-105,61
13R1H2S2Q,13R02.2,32,31,-105,-104,15
13R1H2S3Q,13R02.3,31,30,-106,-105,57
13R1H2S4Q,13R02.4,31,30,-105,-104,41
13R1H3S1Q,13R03.1,32,31,-104,-103,35
13R1H3S2Q,13R03.2,32,31,-103,-102,39
13R1H3S3Q,13R03.3,31,30,-104,-103,42
13R1H3S4Q,13R03.4,31,30,-103,-102,15
13R1H4S1Q,13R04.1,30,29,-108,-107,204
13R1H4S2Q,13R04.2,30,29,-107,-106,158
13R1H4S3Q,13R04.3,29,28,-108,-107,396
13R1H4S4Q,13R04.4,29,28,-107,-106,570
13R1H5S1Q,13R05.1,30,29,-106,-105,93
13R1H5S2Q,13R05.2,30,29,-105,-104,147
13R1H5S3Q,13R05.3,29,28,-106,-105,292
13R1H5S4Q,13R05.4,29,28,-105,-104,94
13R1H6S1Q,13R06.1,30,29,-104,-103,38
13R1H6S2Q,13R06.2,30,29,-103,-102,42
13R1H6S3Q,13R06.3,29,28,-104,-103,111
13R1H6S4Q,13R06.4,29,28,-103,-102,102
13R2H1S1Q,13R07.1,28,27,-108,-107,368
13R2H1S2Q,13R07.2,28,27,-107,-106,357
13R2H1S3Q,13R07.3,27,26,-108,-107,323
13R2H1S4Q,13R07.4,27,26,-107,-106,317
13R2H2S1Q,13R08.1,28,27,-106,-105,385
13R2H2S2Q,13R08.2,28,27,-105,-104,175
13R2H2S3Q,13R08.3,27,26,-106,-105,372
13R2H2S4Q,13R08.4,27,26,-105,-104,179
13R2H3S1Q,13R09.1,28,27,-104,-103,120
13R2H3S2Q,13R09.2,28,27,-103,-102,131
13R2H3S3Q,13R09.3,27,26,-104,-103,127
13R2H3S4Q,13R09.4,27,26,-103,-102,84
13R2H4S1Q,13R10.1,26,25,-108,-107,715
13R2H4S2Q,13R10.2,26,25,-107,-106,356
13R2H4S3Q,13R10.3,25,24,-108,-107,544
13R2H4S4Q,13R10.4,25,24,-107,-106,399
13R2H5S1Q,13R11.1,26,25,-106,-105,338
13R2H5S2Q,13R11.2,26,25,-105,-104,250
13R2H5S3Q,13R11.3,25,24,-106,-105,289
13R2H5S4Q,13R11.4,25,24,-105,-104,381
13R2H6S1Q,13R12.1,26,25,-104,-103,548
13R2H6S2Q,13R12.2,26,25,-103,-102,163
13R2H6S3Q,13R12.3,25,24,-104,-103,234
13R2H6S4Q,13R12.4,25,24,-103,-102,204
13S1H1S1Q,13S01.1,40,39,-108,-107,36
13S1H1S2Q,13S01.2,40,39,-107,-106,76
13S1H1S3Q,13S01.3,39,38,-108,-107,53
13S1H1S4Q,13S01.4,39,38,-107,-106,41
13S1H2S1Q,13S02.1,40,39,-106,-105,323
13S1H2S2Q,13S02.2,40,39,-105,-104,210
13S1H2S3Q,13S02.3,39,38,-106,-105,74
13S1H2S4Q,13S02.4,39,38,-105,-104,82
13S1H3S1Q,13S03.1,40,39,-104,-103,21
13S1H3S2Q,13S03.2,40,39,-103,-102,18
13S1H3S3Q,13S03.3,39,38,-104,-103,40
13S1H3S4Q,13S03.4,39,38,-103,-102,46
13S1H4S1Q,13S04.1,38,37,-108,-107,60
13S1H4S2Q,13S04.2,38,37,-107,-106,46
13S1H4S3Q,13S04.3,37,36,-108,-107,31
13S1H4S4Q,13S04.4,37,36,-107,-106,95
13S1H5S1Q,13S05.1,38,37,-106,-105,58
13S1H5S2Q,13S05.2,38,37,-105,-104,62
13S1H5S3Q,13S05.3,37,36,-106,-105,114
13S1H5S4Q,13S05.4,37,36,-105,-104,38
13S1H6S1Q,13S06.1,38,37,-104,-103,24
13S1H6S2Q,13S06.2,38,37,-103,-102,22
13S1H6S3Q,13S06.3,37,36,-104,-103,25
13S1H6S4Q,13S06.4,37,36,-103,-102,34
13S2H1S1Q,13S07.1,36,35,-108,-107,69
13S2H1S2Q,13S07.2,36,35,-107,-106,209
13S2H1S3Q,13S07.3,35,34,-108,-107,26
13S2H1S4Q,13S07.4,35,34,-107,-106,141
13S2H2S1Q,13S08.1,36,35,-106,-105,163
13S2H2S2Q,13S08.2,36,35,-105,-104,31
13S2H2S3Q,13S08.3,35,34,-106,-105,30
13S2H2S4Q,13S08.4,35,34,-105,-104,23
13S2H3S1Q,13S09.1,36,35,-104,-103,33
13S2H3S2Q,13S09.2,36,35,-103,-102,34
13S2H3S3Q,13S09.3,35,34,-104,-103,40
13S2H3S4Q,13S09.4,35,34,-103,-102,53
13S2H4S1Q,13S10.1,34,33,-108,-107,35
13S2H4S2Q,13S10.2,34,33,-107,-106,25
13S2H4S3Q,13S10.3,33,32,-108,-107,45
13S2H4S4Q,13S10.4,33,32,-107,-106,49
13S2H5S1Q,13S11.1,34,33,-106,-105,48
13S2H5S2Q,13S11.2,34,33,-105,-104,29
13S2H5S3Q,13S11.3,33,32,-106,-105,30
13S2H5S4Q,13S11.4,33,32,-105,-104,35
13S2H6S1Q,13S12.1,34,33,-104,-103,31
13S2H6S2Q,13S12.2,34,33,-103,-102,56
13S2H6S3Q,13S12.3,33,32,-104,-103,28
13S2H6S4Q,13S12.4,33,32,-103,-102,31
13T1H1S1Q,13T01.1,48,47,-108,-107,12
13T1H1S2Q,13T01.2,48,47,-107,-106,4
13T1H1S3Q,13T01.3,47,46,-108,-107,18
13T1H1S4Q,13T01.4,47,46,-107,-106,18
13T1H2S1Q,13T02.1,48,47,-106,-105,7
13T1H2S2Q,13T02.2,48,47,-105,-104,40
13T1H2S3Q,13T02.3,47,46,-106,-105,20
13T1H2S4Q,13T02.4,47,46,-105,-104,17
13T1H3S1Q,13T03.1,48,47,-104,-103,13
13T1H3S2Q,13T03.2,48,47,-103,-102,27
13T1H3S3Q,13T03.3,47,46,-104,-103,31
13T1H3S4Q,13T03.4,47,46,-103,-102,23
13T1H4S1Q,13T04.1,46,45,-108,-107,22
13T1H4S2Q,13T04.2,46,45,-107,-106,21
13T1H4S3Q,13T04.3,45,44,-108,-107,25
13T1H4S4Q,13T04.4,45,44,-107,-106,20
13T1H5S1Q,13T05.1,46,45,-106,-105,17
13T1H5S2Q,13T05.2,46,45,-105,-104,8
13T1H5S3Q,13T05.3,45,44,-106,-105,20
13T1H5S4Q,13T05.4,45,44,-105,-104,31
13T1H6S1Q,13T06.1,46,45,-104,-103,12
13T1H6S2Q,13T06.2,46,45,-103,-102,23
13T1H6S3Q,13T06.3,45,44,-104,-103,88
13T1H6S4Q,13T06.4,45,44,-103,-102,26
13T2H1S1Q,13T07.1,44,43,-108,-107,14
13T2H1S2Q,13T07.2,44,43,-107,-106,18
13T2H1S3Q,13T07.3,43,42,-108,-107,8
13T2H1S4Q,13T07.4,43,42,-107,-106,40
13T2H2S1Q,13T08.1,44,43,-106,-105,8
13T2H2S2Q,13T08.2,44,43,-105,-104,16
13T2H2S3Q,13T08.3,43,42,-106,-105,26
13T2H2S4Q,13T08.4,43,42,-105,-104,35
13T2H3S1Q,13T09.1,44,43,-104,-103,45
13T2H3S2Q,13T09.2,44,43,-103,-102,28
13T2H3S3Q,13T09.3,43,42,-104,-103,22
13T2H3S4Q,13T09.4,43,42,-103,-102,17
13T2H4S1Q,13T10.1,42,41,-108,-107,11
13T2H4S2Q,13T10.2,42,41,-107,-106,37
13T2H4S3Q,13T10.3,41,40,-108,-107,18
13T2H4S4Q,13T10.4,41,40,-107,-106,34
13T2H5S1Q,13T11.1,42,41,-106,-105,32
13T2H5S2Q,13T11.2,42,41,-105,-104,46
13T2H5S3Q,13T11.3,41,40,-106,-105,141
13T2H5S4Q,13T11.4,41,40,-105,-104,109
13T2H6S1Q,13T12.1,42,41,-104,-103,61
13T2H6S2Q,13T12.2,42,41,-103,-102,21
13T2H6S3Q,13T12.3,41,40,-104,-103,51
13T2H6S4Q,13T12.4,41,40,-103,-102,34
13U1H1S1Q,13U01.1,56,55,-108,-107,6
13U1H1S2Q,13U01.2,56,55,-107,-106,2
13U1H1S3Q,13U01.3,55,54,-108,-107,4
13U1H2S1Q,13U02.1,56,55,-106,-105,5
13U1H2S2Q,13U02.2,56,55,-105,-104,3
13U1H2S3Q,13U02.3,55,54,-106,-105,4
13U1H3S1Q,13U03.1,56,55,-104,-103,2
13U1H3S2Q,13U03.2,56,55,-103,-102,2
13U1H3S4Q,13U03.4,55,54,-103,-102,2
13U1H4S1Q,13U04.1,54,53,-108,-107,32
13U1H4S2Q,13U04.2,54,53,-107,-106,41
13U1H4S3Q,13U04.3,53,52,-108,-107,31
13U1H4S4Q,13U04.4,53,52,-107,-106,40
13U1H5S1Q,13U05.1,54,53,-106,-105,39
13U1H5S2Q,13U05.2,54,53,-105,-104,24
13U1H5S3Q,13U05.3,53,52,-106,-105,38
13U1H5S4Q,13U05.4,53,52,-105,-104,37
13U1H6S1Q,13U06.1,54,53,-104,-103,15
13U1H6S2Q,13U06.2,54,53,-103,-102,8
13U1H6S3Q,13U06.3,53,52,-104,-103,29
13U1H6S4Q,13U06.4,53,52,-103,-102,22
13U2H1S1Q,13U07.1,52,51,-108,-107,18
13U2H1S2Q,13U07.2,52,51,-107,-106,27
13U2H1S3Q,13U07.3,51,50,-108,-107,33
13U2H1S4Q,13U07.4,51,50,-107,-106,27
13U2H2S1Q,13U08.1,52,51,-106,-105,35
13U2H2S2Q,13U08.2,52,51,-105,-104,26
13U2H2S3Q,13U08.3,51,50,-106,-105,53
13U2H2S4Q,13U08.4,51,50,-105,-104,40
13U2H3S1Q,13U09.1,52,51,-104,-103,39
13U2H3S2Q,13U09.2,52,51,-103,-102,41
13U2H3S3Q,13U09.3,51,50,-104,-103,43
13U2H3S4Q,13U09.4,51,50,-103,-102,42
13U2H4S1Q,13U10.1,50,49,-108,-107,33
13U2H4S2Q,13U10.2,50,49,-107,-106,26
13U2H4S3Q,13U10.3,49,48,-108,-107,20
13U2H4S4Q,13U10.4,49,48,-107,-106,18
13U2H5S1Q,13U11.1,50,49,-106,-105,27
13U2H5S2Q,13U11.2,50,49,-105,-104,24
13U2H5S3Q,13U11.3,49,48,-106,-105,21
13U2H5S4Q,13U11.4,49,48,-105,-104,34
13U2H6S1Q,13U12.1,50,49,-104,-103,24
13U2H6S2Q,13U12.2,50,49,-103,-102,26
13U2H6S3Q,13U12.3,49,48,-104,-103,35
13U2H6S4Q,13U12.4,49,48,-103,-102,38
13V2H1S1Q,13V07.1,60,59,-108,-107,1
13V2H2S1Q,13V08.1,60,59,-106,-105,1
13V2H3S3Q,13V09.3,59,58,-104,-103,1
13V2H4S2Q,13V10.2,58,57,-107,-106,1
13V2H4S3Q,13V10.3,57,56,-108,-107,1
13V2H6S3Q,13V12.3,57,56,-104,-103,2
13W1H5S1Q,13W05.1,70,69,-106,-105,1
13W2H3S2Q,13W09.2,68,67,-103,-102,1
13X1H3S3Q,13X03.3,79,78,-104,-103,1
14P1H3S1Q,14P03.1,16,15,-98,-97,39
14P1H3S2Q,14P03.2,16,15,-97,-96,282
14Q1H1S1Q,14Q01.1,24,23,-102,-101,208
14Q1H1S2Q,14Q01.2,24,23,-101,-100,407
14Q1H1S3Q,14Q01.3,23,22,-102,-101,487
14Q1H1S4Q,14Q01.4,23,22,-101,-100,428
14Q1H2S1Q,14Q02.1,24,23,-100,-99,393
14Q1H2S2Q,14Q02.2,24,23,-99,-98,234
14Q1H2S3Q,14Q02.3,23,22,-100,-99,424
14Q1H2S4Q,14Q02.4,23,22,-99,-98,267
14Q1H3S1Q,14Q03.1,24,23,-98,-97,49
14Q1H3S3Q,14Q03.3,23,22,-98,-97,96
14Q1H4S1Q,14Q04.1,22,21,-102,-101,661
14Q1H4S2Q,14Q04.2,22,21,-101,-100,895
14Q1H4S3Q,14Q04.3,21,20,-102,-101,1098
14Q1H4S4Q,14Q04.4,21,20,-101,-100,977
14Q1H5S1Q,14Q05.1,22,21,-100,-99,836
14Q1H5S2Q,14Q05.2,22,21,-99,-98,861
14Q1H5S3Q,14Q05.3,21,20,-100,-99,990
14Q1H5S4Q,14Q05.4,21,20,-99,-98,1039
14Q1H6S1Q,14Q06.1,22,21,-98,-97,347
14Q1H6S3Q,14Q06.3,21,20,-98,-97,624
14Q1H6S4Q,14Q06.4,21,20,-97,-96,94
14Q2H1S1Q,14Q07.1,20,19,-102,-101,443
14Q2H1S2Q,14Q07.2,20,19,-101,-100,666
14Q2H1S3Q,14Q07.3,19,18,-102,-101,438
14Q2H1S4Q,14Q07.4,19,18,-101,-100,806
14Q2H2S1Q,14Q08.1,20,19,-100,-99,1332
14Q2H2S2Q,14Q08.2,20,19,-99,-98,1015
14Q2H2S3Q,14Q08.3,19,18,-100,-99,697
14Q2H2S4Q,14Q08.4,19,18,-99,-98,388
14Q2H3S1Q,14Q09.1,20,19,-98,-97,666
14Q2H3S2Q,14Q09.2,20,19,-97,-96,652
14Q2H3S3Q,14Q09.3,19,18,-98,-97,380
14Q2H3S4Q,14Q09.4,19,18,-97,-96,640
14Q2H4S1Q,14Q10.1,18,17,-102,-101,254
14Q2H4S2Q,14Q10.2,18,17,-101,-100,387
14Q2H4S4Q,14Q10.4,17,16,-101,-100,17
14Q2H5S1Q,14Q11.1,18,17,-100,-99,304
14Q2H5S2Q,14Q11.2,18,17,-99,-98,361
14Q2H5S3Q,14Q11.3,17,16,-100,-99,159
14Q2H5S4Q,14Q11.4,17,16,-99,-98,211
14Q2H6S1Q,14Q12.1,18,17,-98,-97,457
14Q2H6S2Q,14Q12.2,18,17,-97,-96,401
14Q2H6S3Q,14Q12.3,17,16,-98,-97,451
14Q2H6S4Q,14Q12.4,17,16,-97,-96,497
14R1H1S1Q,14R01.1,32,31,-102,-101,20
14R1H1S2Q,14R01.2,32,31,-101,-100,49
14R1H1S3Q,14R01.3,31,30,-102,-101,12
14R1H1S4Q,14R01.4,31,30,-101,-100,9
14R1H2S1Q,14R02.1,32,31,-100,-99,88
14R1H2S2Q,14R02.2,32,31,-99,-98,112
14R1H2S3Q,14R02.3,31,30,-100,-99,45
14R1H2S4Q,14R02.4,31,30,-99,-98,87
14R1H3S1Q,14R03.1,32,31,-98,-97,194
14R1H3S2Q,14R03.2,32,31,-97,-96,172
14R1H3S3Q,14R03.3,31,30,-98,-97,254
14R1H3S4Q,14R03.4,31,30,-97,-96,192
14R1H4S1Q,14R04.1,30,29,-102,-101,82
14R1H4S2Q,14R04.2,30,29,-101,-100,89
14R1H4S3Q,14R04.3,29,28,-102,-101,171
14R1H4S4Q,14R04.4,29,28,-101,-100,325
14R1H5S1Q,14R05.1,30,29,-100,-99,49
14R1H5S2Q,14R05.2,30,29,-99,-98,213
14R1H5S3Q,14R05.3,29,28,-100,-99,61
14R1H5S4Q,14R05.4,29,28,-99,-98,59
14R1H6S1Q,14R06.1,30,29,-98,-97,160
14R1H6S2Q,14R06.2,30,29,-97,-96,137
14R1H6S3Q,14R06.3,29,28,-98,-97,162
14R1H6S4Q,14R06.4,29,28,-97,-96,65
14R2H1S1Q,14R07.1,28,27,-102,-101,358
14R2H1S2Q,14R07.2,28,27,-101,-100,320
14R2H1S3Q,14R07.3,27,26,-102,-101,244
14R2H1S4Q,14R07.4,27,26,-101,-100,378
14R2H2S1Q,14R08.1,28,27,-100,-99,288
14R2H2S2Q,14R08.2,28,27,-99,-98,131
14R2H2S3Q,14R08.3,27,26,-100,-99,538
14R2H2S4Q,14R08.4,27,26,-99,-98,1049
14R2H3S1Q,14R09.1,28,27,-98,-97,131
14R2H3S3Q,14R09.3,27,26,-98,-97,416
14R2H4S1Q,14R10.1,26,25,-102,-101,293
14R2H4S2Q,14R10.2,26,25,-101,-100,504
14R2H4S3Q,14R10.3,25,24,-102,-101,216
14R2H4S4Q,14R10.4,25,24,-101,-100,318
14R2H5S1Q,14R11.1,26,25,-100,-99,818
14R2H5S2Q,14R11.2,26,25,-99,-98,382
14R2H5S3Q,14R11.3,25,24,-100,-99,587
14R2H5S4Q,14R11.4,25,24,-99,-98,349
14R2H6S1Q,14R12.1,26,25,-98,-97,332
14R2H6S3Q,14R12.3,25,24,-98,-97,88
14S1H1S1Q,14S01.1,40,39,-102,-101,21
14S1H1S2Q,14S01.2,40,39,-101,-100,45
14S1H1S3Q,14S01.3,39,38,-102,-101,21
14S1H1S4Q,14S01.4,39,38,-101,-100,25
14S1H2S1Q,14S02.1,40,39,-100,-99,38
14S1H2S2Q,14S02.2,40,39,-99,-98,59
14S1H2S3Q,14S02.3,39,38,-100,-99,55
14S1H2S4Q,14S02.4,39,38,-99,-98,69
14S1H3S1Q,14S03.1,40,39,-98,-97,81
14S1H3S2Q,14S03.2,40,39,-97,-96,96
14S1H3S3Q,14S03.3,39,38,-98,-97,92
14S1H3S4Q,14S03.4,39,38,-97,-96,67
14S1H4S1Q,14S04.1,38,37,-102,-101,23
14S1H4S2Q,14S04.2,38,37,-101,-100,33
14S1H4S3Q,14S04.3,37,36,-102,-101,42
14S1H4S4Q,14S04.4,37,36,-101,-100,36
14S1H5S1Q,14S05.1,38,37,-100,-99,36
14S1H5S2Q,14S05.2,38,37,-99,-98,69
14S1H5S3Q,14S05.3,37,36,-100,-99,36
14S1H5S4Q,14S05.4,37,36,-99,-98,75
14S1H6S1Q,14S06.1,38,37,-98,-97,158
14S1H6S2Q,14S06.2,38,37,-97,-96,85
14S1H6S3Q,14S06.3,37,36,-98,-97,83
14S1H6S4Q,14S06.4,37,36,-97,-96,135
14S2H1S1Q,14S07.1,36,35,-102,-101,66
14S2H1S2Q,14S07.2,36,35,-101,-100,47
14S2H1S3Q,14S07.3,35,34,-102,-101,49
14S2H1S4Q,14S07.4,35,34,-101,-100,51
14S2H2S1Q,14S08.1,36,35,-100,-99,64
14S2H2S2Q,14S08.2,36,35,-99,-98,69
14S2H2S3Q,14S08.3,35,34,-100,-99,82
14S2H2S4Q,14S08.4,35,34,-99,-98,86
14S2H3S1Q,14S09.1,36,35,-98,-97,128
14S2H3S2Q,14S09.2,36,35,-97,-96,124
14S2H3S3Q,14S09.3,35,34,-98,-97,122
14S2H3S4Q,14S09.4,35,34,-97,-96,137
14S2H4S1Q,14S10.1,34,33,-102,-101,77
14S2H4S2Q,14S10.2,34,33,-101,-100,42
14S2H4S3Q,14S10.3,33,32,-102,-101,61
14S2H4S4Q,14S10.4,33,32,-101,-100,72
14S2H5S1Q,14S11.1,34,33,-100,-99,53
14S2H5S2Q,14S11.2,34,33,-99,-98,75
14S2H5S3Q,14S11.3,33,32,-100,-99,73
14S2H5S4Q,14S11.4,33,32,-99,-98,96
14S2H6S1Q,14S12.1,34,33,-98,-97,147
14S2H6S2Q,14S12.2,34,33,-97,-96,281
14S2H6S3Q,14S12.3,33,32,-98,-97,221
14S2H6S4Q,14S12.4,33,32,-97,-96,249
14T1H1S1Q,14T01.1,48,47,-102,-101,29
14T1H1S2Q,14T01.2,48,47,-101,-100,28
14T1H1S3Q,14T01.3,47,46,-102,-101,29
14T1H1S4Q,14T01.4,47,46,-101,-100,46
14T1H2S1Q,14T02.1,48,47,-100,-99,39
14T1H2S2Q,14T02.2,48,47,-99,-98,39
14T1H2S3Q,14T02.3,47,46,-100,-99,21
14T1H2S4Q,14T02.4,47,46,-99,-98,53
14T1H3S1Q,14T03.1,48,47,-98,-97,61
14T1H3S2Q,14T03.2,48,47,-97,-96,71
14T1H3S3Q,14T03.3,47,46,-98,-97,66
14T1H3S4Q,14T03.4,47,46,-97,-96,95
14T1H4S1Q,14T04.1,46,45,-102,-101,28
14T1H4S2Q,14T04.2,46,45,-101,-100,30
14T1H4S3Q,14T04.3,45,44,-102,-101,22
14T1H4S4Q,14T04.4,45,44,-101,-100,19
14T1H5S1Q,14T05.1,46,45,-100,-99,31
14T1H5S2Q,14T05.2,46,45,-99,-98,57
14T1H5S3Q,14T05.3,45,44,-100,-99,18
14T1H5S4Q,14T05.4,45,44,-99,-98,41
14T1H6S1Q,14T06.1,46,45,-98,-97,40
14T1H6S2Q,14T06.2,46,45,-97,-96,66
14T1H6S3Q,14T06.3,45,44,-98,-97,60
14T1H6S4Q,14T06.4,45,44,-97,-96,52
14T2H1S1Q,14T07.1,44,43,-102,-101,34
14T2H1S2Q,14T07.2,44,43,-101,-100,34
14T2H1S3Q,14T07.3,43,42,-102,-101,15
14T2H1S4Q,14T07.4,43,42,-101,-100,22
14T2H2S1Q,14T08.1,44,43,-100,-99,32
14T2H2S2Q,14T08.2,44,43,-99,-98,45
14T2H2S3Q,14T08.3,43,42,-100,-99,25
14T2H2S4Q,14T08.4,43,42,-99,-98,45
14T2H3S1Q,14T09.1,44,43,-98,-97,61
14T2H3S2Q,14T09.2,44,43,-97,-96,122
14T2H3S3Q,14T09.3,43,42,-98,-97,69
14T2H3S4Q,14T09.4,43,42,-97,-96,112
14T2H4S1Q,14T10.1,42,41,-102,-101,25
14T2H4S2Q,14T10.2,42,41,-101,-100,25
14T2H4S3Q,14T10.3,41,40,-102,-101,25
14T2H4S4Q,14T10.4,41,40,-101,-100,30
14T2H5S1Q,14T11.1,42,41,-100,-99,36
14T2H5S2Q,14T11.2,42,41,-99,-98,59
14T2H5S3Q,14T11.3,41,40,-100,-99,54
14T2H5S4Q,14T11.4,41,40,-99,-98,77
14T2H6S1Q,14T12.1,42,41,-98,-97,69
14T2H6S2Q,14T12.2,42,41,-97,-96,109
14T2H6S3Q,14T12.3,41,40,-98,-97,78
14T2H6S4Q,14T12.4,41,40,-97,-96,104
14U1H1S1Q,14U01.1,56,55,-102,-101,1
14U1H1S2Q,14U01.2,56,55,-101,-100,1
14U1H1S3Q,14U01.3,55,54,-102,-101,13
14U1H1S4Q,14U01.4,55,54,-101,-100,9
14U1H2S1Q,14U02.1,56,55,-100,-99,1
14U1H2S2Q,14U02.2,56,55,-99,-98,3
14U1H2S3Q,14U02.3,55,54,-100,-99,7
14U1H2S4Q,14U02.4,55,54,-99,-98,4
14U1H3S1Q,14U03.1,56,55,-98,-97,5
14U1H3S2Q,14U03.2,56,55,-97,-96,2
14U1H3S3Q,14U03.3,55,54,-98,-97,1
14U1H3S4Q,14U03.4,55,54,-97,-96,1
14U1H4S1Q,14U04.1,54,53,-102,-101,7
14U1H4S2Q,14U04.2,54,53,-101,-100,1
14U1H4S3Q,14U04.3,53,52,-102,-101,11
14U1H4S4Q,14U04.4,53,52,-101,-100,1
14U1H5S1Q,14U05.1,54,53,-100,-99,2
14U1H5S3Q,14U05.3,53,52,-100,-99,1
14U1H5S4Q,14U05.4,53,52,-99,-98,1
14U1H6S1Q,14U06.1,54,53,-98,-97,3
14U1H6S4Q,14U06.4,53,52,-97,-96,5
14U2H1S1Q,14U07.1,52,51,-102,-101,29
14U2H1S2Q,14U07.2,52,51,-101,-100,23
14U2H1S3Q,14U07.3,51,50,-102,-101,23
14U2H1S4Q,14U07.4,51,50,-101,-100,30
14U2H2S1Q,14U08.1,52,51,-100,-99,21
14U2H2S2Q,14U08.2,52,51,-99,-98,10
14U2H2S3Q,14U08.3,51,50,-100,-99,32
14U2H2S4Q,14U08.4,51,50,-99,-98,25
14U2H3S1Q,14U09.1,52,51,-98,-97,11
14U2H3S2Q,14U09.2,52,51,-97,-96,10
14U2H3S3Q,14U09.3,51,50,-98,-97,43
14U2H3S4Q,14U09.4,51,50,-97,-96,64
14U2H4S1Q,14U10.1,50,49,-102,-101,18
14U2H4S2Q,14U10.2,50,49,-101,-100,30
14U2H4S3Q,14U10.3,49,48,-102,-101,43
14U2H4S4Q,14U10.4,49,48,-101,-100,46
14U2H5S1Q,14U11.1,50,49,-100,-99,35
14U2H5S2Q,14U11.2,50,49,-99,-98,39
14U2H5S3Q,14U11.3,49,48,-100,-99,42
14U2H5S4Q,14U11.4,49,48,-99,-98,51
14U2H6S1Q,14U12.1,50,49,-98,-97,38
14U2H6S2Q,14U12.2,50,49,-97,-96,41
14U2H6S3Q,14U12.3,49,48,-98,-97,73
14U2H6S4Q,14U12.4,49,48,-97,-96,48
14V1H4S2Q,14V04.2,62,61,-101,-100,1
14V1H6S2Q,14V06.2,62,61,-97,-96,1
14V2H1S1Q,14V07.1,60,59,-102,-101,1
14V2H1S3Q,14V07.3,59,58,-102,-101,2
14V2H3S1Q,14V09.1,60,59,-98,-97,1
14V2H3S3Q,14V09.3,59,58,-98,-97,1
14V2H3S4Q,14V09.4,59,58,-97,-96,1
14V2H4S1Q,14V10.1,58,57,-102,-101,1
14V2H4S3Q,14V10.3,57,56,-102,-101,6
14V2H4S4Q,14V10.4,57,56,-101,-100,3
14V2H5S1Q,14V11.1,58,57,-100,-99,1
14V2H5S3Q,14V11.3,57,56,-100,-99,1
14V2H5S4Q,14V11.4,57,56,-99,-98,2
14V2H6S4Q,14V12.4,57,56,-97,-96,2
14W2H6S4Q,14W12.4,65,64,-97,-96,1
14X2H3S2Q,14X09.2,76,75,-97,-96,1
15M1H3S1Q,15M03.1,0,-1,-92,-91,3
15M1H3S2Q,15M03.2,0,-1,-91,-90,4
15M1H3S4Q,15M03.4,-1,-2,-91,-90,5
15P1H1S1Q,15P01.1,16,15,-96,-95,44
15P1H2S1Q,15P02.1,16,15,-94,-93,137
15P1H2S2Q,15P02.2,16,15,-93,-92,582
15P1H2S4Q,15P02.4,15,14,-93,-92,342
15P1H3S1Q,15P03.1,16,15,-92,-91,616
15P1H3S2Q,15P03.2,16,15,-91,-90,378
15P1H3S3Q,15P03.3,15,14,-92,-91,877
15P1H3S4Q,15P03.4,15,14,-91,-90,1436
15P1H6S1Q,15P06.1,14,13,-92,-91,12
15P1H6S2Q,15P06.2,14,13,-91,-90,279
15P2H6S2Q,15P12.2,10,9,-91,-90,1
15Q1H6S2Q,15Q06.2,22,21,-91,-90,3
15Q1H6S4Q,15Q06.4,21,20,-91,-90,108
15Q2H1S1Q,15Q07.1,20,19,-96,-95,2
15Q2H1S3Q,15Q07.3,19,18,-96,-95,565
15Q2H1S4Q,15Q07.4,19,18,-95,-94,228
15Q2H2S3Q,15Q08.3,19,18,-94,-93,399
15Q2H2S4Q,15Q08.4,19,18,-93,-92,340
15Q2H3S1Q,15Q09.1,20,19,-92,-91,3
15Q2H3S2Q,15Q09.2,20,19,-91,-90,181
15Q2H3S3Q,15Q09.3,19,18,-92,-91,308
15Q2H3S4Q,15Q09.4,19,18,-91,-90,216
15Q2H4S1Q,15Q10.1,18,17,-96,-95,435
15Q2H4S2Q,15Q10.2,18,17,-95,-94,456
15Q2H4S3Q,15Q10.3,17,16,-96,-95,464
15Q2H4S4Q,15Q10.4,17,16,-95,-94,375
15Q2H5S1Q,15Q11.1,18,17,-94,-93,616
15Q2H5S2Q,15Q11.2,18,17,-93,-92,623
15Q2H5S3Q,15Q11.3,17,16,-94,-93,551
15Q2H5S4Q,15Q11.4,17,16,-93,-92,417
15Q2H6S1Q,15Q12.1,18,17,-92,-91,550
15Q2H6S2Q,15Q12.2,18,17,-91,-90,47
15Q2H6S3Q,15Q12.3,17,16,-92,-91,247
15Q2H6S4Q,15Q12.4,17,16,-91,-90,90
15R1H1S1Q,15R01.1,32,31,-96,-95,187
15R1H1S2Q,15R01.2,32,31,-95,-94,211
15R1H1S3Q,15R01.3,31,30,-96,-95,264
15R1H1S4Q,15R01.4,31,30,-95,-94,198
15R1H2S1Q,15R02.1,32,31,-94,-93,199
15R1H2S2Q,15R02.2,32,31,-93,-92,256
15R1H2S3Q,15R02.3,31,30,-94,-93,202
15R1H2S4Q,15R02.4,31,30,-93,-92,234
15R1H3S1Q,15R03.1,32,31,-92,-91,227
15R1H3S2Q,15R03.2,32,31,-91,-90,212
15R1H3S3Q,15R03.3,31,30,-92,-91,851
15R1H3S4Q,15R03.4,31,30,-91,-90,319
15R1H4S1Q,15R04.1,30,29,-96,-95,856
15R1H4S2Q,15R04.2,30,29,-95,-94,92
15R1H4S3Q,15R04.3,29,28,-96,-95,32
15R1H5S1Q,15R05.1,30,29,-94,-93,25
15R1H5S2Q,15R05.2,30,29,-93,-92,25
15R1H6S1Q,15R06.1,30,29,-92,-91,171
15R1H6S2Q,15R06.2,30,29,-91,-90,299
15S1H1S1Q,15S01.1,40,39,-96,-95,137
15S1H1S2Q,15S01.2,40,39,-95,-94,322
15S1H1S3Q,15S01.3,39,38,-96,-95,111
15S1H1S4Q,15S01.4,39,38,-95,-94,193
15S1H2S1Q,15S02.1,40,39,-94,-93,152
15S1H2S2Q,15S02.2,40,39,-93,-92,163
15S1H2S3Q,15S02.3,39,38,-94,-93,159
15S1H2S4Q,15S02.4,39,38,-93,-92,189
15S1H3S1Q,15S03.1,40,39,-92,-91,202
15S1H3S2Q,15S03.2,40,39,-91,-90,203
15S1H3S3Q,15S03.3,39,38,-92,-91,203
15S1H3S4Q,15S03.4,39,38,-91,-90,610
15S1H4S1Q,15S04.1,38,37,-96,-95,105
15S1H4S2Q,15S04.2,38,37,-95,-94,237
15S1H4S3Q,15S04.3,37,36,-96,-95,149
15S1H4S4Q,15S04.4,37,36,-95,-94,288
15S1H5S1Q,15S05.1,38,37,-94,-93,237
15S1H5S2Q,15S05.2,38,37,-93,-92,225
15S1H5S3Q,15S05.3,37,36,-94,-93,260
15S1H5S4Q,15S05.4,37,36,-93,-92,241
15S1H6S1Q,15S06.1,38,37,-92,-91,178
15S1H6S2Q,15S06.2,38,37,-91,-90,234
15S1H6S3Q,15S06.3,37,36,-92,-91,188
15S1H6S4Q,15S06.4,37,36,-91,-90,282
15S2H1S1Q,15S07.1,36,35,-96,-95,156
15S2H1S2Q,15S07.2,36,35,-95,-94,314
15S2H1S3Q,15S07.3,35,34,-96,-95,138
15S2H1S4Q,15S07.4,35,34,-95,-94,164
15S2H2S1Q,15S08.1,36,35,-94,-93,260
15S2H2S2Q,15S08.2,36,35,-93,-92,283
15S2H2S3Q,15S08.3,35,34,-94,-93,189
15S2H2S4Q,15S08.4,35,34,-93,-92,383
15S2H3S1Q,15S09.1,36,35,-92,-91,282
15S2H3S2Q,15S09.2,36,35,-91,-90,405
15S2H3S3Q,15S09.3,35,34,-92,-91,232
15S2H3S4Q,15S09.4,35,34,-91,-90,339
15S2H4S1Q,15S10.1,34,33,-96,-95,258
15S2H4S2Q,15S10.2,34,33,-95,-94,208
15S2H4S3Q,15S10.3,33,32,-96,-95,223
15S2H4S4Q,15S10.4,33,32,-95,-94,237
15S2H5S1Q,15S11.1,34,33,-94,-93,257
15S2H5S2Q,15S11.2,34,33,-93,-92,198
15S2H5S3Q,15S11.3,33,32,-94,-93,375
15S2H5S4Q,15S11.4,33,32,-93,-92,309
15S2H6S1Q,15S12.1,34,33,-92,-91,226
15S2H6S2Q,15S12.2,34,33,-91,-90,297
15S2H6S3Q,15S12.3,33,32,-92,-91,205
15S2H6S4Q,15S12.4,33,32,-91,-90,410
15T1H1S1Q,15T01.1,48,47,-96,-95,64
15T1H1S2Q,15T01.2,48,47,-95,-94,66
15T1H1S3Q,15T01.3,47,46,-96,-95,75
15T1H1S4Q,15T01.4,47,46,-95,-94,71
15T1H2S1Q,15T02.1,48,47,-94,-93,62
15T1H2S2Q,15T02.2,48,47,-93,-92,111
15T1H2S3Q,15T02.3,47,46,-94,-93,73
15T1H2S4Q,15T02.4,47,46,-93,-92,135
15T1H3S1Q,15T03.1,48,47,-92,-91,61
15T1H3S2Q,15T03.2,48,47,-91,-90,9
15T1H3S3Q,15T03.3,47,46,-92,-91,60
15T1H3S4Q,15T03.4,47,46,-91,-90,72
15T1H4S1Q,15T04.1,46,45,-96,-95,57
15T1H4S2Q,15T04.2,46,45,-95,-94,120
15T1H4S3Q,15T04.3,45,44,-96,-95,69
15T1H4S4Q,15T04.4,45,44,-95,-94,95
15T1H5S1Q,15T05.1,46,45,-94,-93,174
15T1H5S2Q,15T05.2,46,45,-93,-92,131
15T1H5S3Q,15T05.3,45,44,-94,-93,225
15T1H5S4Q,15T05.4,45,44,-93,-92,177
15T1H6S1Q,15T06.1,46,45,-92,-91,85
15T1H6S2Q,15T06.2,46,45,-91,-90,58
15T1H6S3Q,15T06.3,45,44,-92,-91,148
15T1H6S4Q,15T06.4,45,44,-91,-90,103
15T2H1S1Q,15T07.1,44,43,-96,-95,82
15T2H1S2Q,15T07.2,44,43,-95,-94,85
15T2H1S3Q,15T07.3,43,42,-96,-95,78
15T2H1S4Q,15T07.4,43,42,-95,-94,119
15T2H2S1Q,15T08.1,44,43,-94,-93,119
15T2H2S2Q,15T08.2,44,43,-93,-92,133
15T2H2S3Q,15T08.3,43,42,-94,-93,119
15T2H2S4Q,15T08.4,43,42,-93,-92,130
15T2H3S1Q,15T09.1,44,43,-92,-91,172
15T2H3S2Q,15T09.2,44,43,-91,-90,147
15T2H3S3Q,15T09.3,43,42,-92,-91,164
15T2H3S4Q,15T09.4,43,42,-91,-90,214
15T2H4S1Q,15T10.1,42,41,-96,-95,127
15T2H4S2Q,15T10.2,42,41,-95,-94,118
15T2H4S3Q,15T10.3,41,40,-96,-95,109
15T2H4S4Q,15T10.4,41,40,-95,-94,124
15T2H5S1Q,15T11.1,42,41,-94,-93,190
15T2H5S2Q,15T11.2,42,41,-93,-92,162
15T2H5S3Q,15T11.3,41,40,-94,-93,125
15T2H5S4Q,15T11.4,41,40,-93,-92,174
15T2H6S1Q,15T12.1,42,41,-92,-91,157
15T2H6S2Q,15T12.2,42,41,-91,-90,214
15T2H6S3Q,15T12.3,41,40,-92,-91,189
15T2H6S4Q,15T12.4,41,40,-91,-90,175
15U1H1S3Q,15U01.3,55,54,-96,-95,3
15U1H2S3Q,15U02.3,55,54,-94,-93,4
15U1H4S2Q,15U04.2,54,53,-95,-94,3
15U1H4S3Q,15U04.3,53,52,-96,-95,1
15U1H5S1Q,15U05.1,54,53,-94,-93,3
15U1H5S2Q,15U05.2,54,53,-93,-92,1
15U1H5S3Q,15U05.3,53,52,-94,-93,1
15U1H6S2Q,15U06.2,54,53,-91,-90,1
15U1H6S3Q,15U06.3,53,52,-92,-91,1
15U2H1S1Q,15U07.1,52,51,-96,-95,2
15U2H1S3Q,15U07.3,51,50,-96,-95,20
15U2H1S4Q,15U07.4,51,50,-95,-94,3
15U2H2S1Q,15U08.1,52,51,-94,-93,2
15U2H2S2Q,15U08.2,52,51,-93,-92,1
15U2H2S3Q,15U08.3,51,50,-94,-93,1
15U2H2S4Q,15U08.4,51,50,-93,-92,3
15U2H3S1Q,15U09.1,52,51,-92,-91,2
15U2H3S2Q,15U09.2,52,51,-91,-90,2
15U2H3S3Q,15U09.3,51,50,-92,-91,1
15U2H3S4Q,15U09.4,51,50,-91,-90,2
15U2H4S1Q,15U10.1,50,49,-96,-95,27
15U2H4S2Q,15U10.2,50,49,-95,-94,8
15U2H4S3Q,15U10.3,49,48,-96,-95,33
15U2H4S4Q,15U10.4,49,48,-95,-94,28
15U2H5S1Q,15U11.1,50,49,-94,-93,2
15U2H5S2Q,15U11.2,50,49,-93,-92,3
15U2H5S3Q,15U11.3,49,48,-94,-93,30
15U2H5S4Q,15U11.4,49,48,-93,-92,11
15U2H6S1Q,15U12.1,50,49,-92,-91,3
15U2H6S3Q,15U12.3,49,48,-92,-91,3
15U2H6S4Q,15U12.4,49,48,-91,-90,2
15V1H2S3Q,15V02.3,63,62,-94,-93,1
15V1H2S4Q,15V02.4,63,62,-93,-92,2
15V1H3S2Q,15V03.2,64,63,-91,-90,1
15V1H4S2Q,15V04.2,62,61,-95,-94,2
15V2H1S1Q,15V07.1,60,59,-96,-95,1
15V2H1S2Q,15V07.2,60,59,-95,-94,1
15V2H1S4Q,15V07.4,59,58,-95,-94,3
15V2H2S3Q,15V08.3,59,58,-94,-93,1
15V2H4S3Q,15V10.3,57,56,-96,-95,2
15V2H4S4Q,15V10.4,57,56,-95,-94,5
15V2H5S2Q,15V11.2,58,57,-93,-92,2
15W1H2S4Q,15W02.4,71,70,-93,-92,1
15W1H4S3Q,15W04.3,69,68,-96,-95,1
15W1H5S1Q,15W05.1,70,69,-94,-93,1
15W2H6S2Q,15W12.2,66,65,-91,-90,1
15X2H1S4Q,15X07.4,75,74,-95,-94,1
16M1H1S1Q,16M01.1,0,-1,-90,-89,3
16P1H1S1Q,16P01.1,16,15,-90,-89,397
16P1H1S2Q,16P01.2,16,15,-89,-88,925
16P1H1S3Q,16P01.3,15,14,-90,-89,2360
16P1H1S4Q,16P01.4,15,14,-89,-88,2210
16P1H2S1Q,16P02.1,16,15,-88,-87,772
16P1H2S2Q,16P02.2,16,15,-87,-86,582
16P1H2S3Q,16P02.3,15,14,-88,-87,1510
16P1H2S4Q,16P02.4,15,14,-87,-86,730
16P1H3S1Q,16P03.1,16,15,-86,-85,234
16P1H3S2Q,16P03.2,16,15,-85,-84,87
16P1H3S3Q,16P03.3,15,14,-86,-85,55
16P1H3S4Q,16P03.4,15,14,-85,-84,83
16P1H4S1Q,16P04.1,14,13,-90,-89,1076
16P1H4S2Q,16P04.2,14,13,-89,-88,1833
16P1H5S1Q,16P05.1,14,13,-88,-87,3845
16P1H5S2Q,16P05.2,14,13,-87,-86,978
16P1H5S3Q,16P05.3,13,12,-88,-87,155
16P1H5S4Q,16P05.4,13,12,-87,-86,766
16P1H6S1Q,16P06.1,14,13,-86,-85,54
16P1H6S2Q,16P06.2,14,13,-85,-84,53
16P1H6S3Q,16P06.3,13,12,-86,-85,413
16P1H6S4Q,16P06.4,13,12,-85,-84,86
16P2H2S2Q,16P08.2,12,11,-87,-86,319
16P2H3S1Q,16P09.1,12,11,-86,-85,292
16P2H3S2Q,16P09.2,12,11,-85,-84,33
16P2H3S3Q,16P09.3,11,10,-86,-85,406
16P2H3S4Q,16P09.4,11,10,-85,-84,523
16P2H6S1Q,16P12.1,10,9,-86,-85,126
16P2H6S2Q,16P12.2,10,9,-85,-84,542
16Q1H3S4Q,16Q03.4,23,22,-85,-84,103
16Q1H4S1Q,16Q04.1,22,21,-90,-89,185
16Q1H4S2Q,16Q04.2,22,21,-89,-88,199
16Q1H4S3Q,16Q04.3,21,20,-90,-89,510
16Q1H4S4Q,16Q04.4,21,20,-89,-88,293
16Q1H5S1Q,16Q05.1,22,21,-88,-87,117
16Q1H5S2Q,16Q05.2,22,21,-87,-86,9
16Q1H5S3Q,16Q05.3,21,20,-88,-87,155
16Q1H5S4Q,16Q05.4,21,20,-87,-86,17
16Q1H6S2Q,16Q06.2,22,21,-85,-84,37
16Q1H6S4Q,16Q06.4,21,20,-85,-84,1
16Q2H1S1Q,16Q07.1,20,19,-90,-89,113
16Q2H1S2Q,16Q07.2,20,19,-89,-88,200
16Q2H1S3Q,16Q07.3,19,18,-90,-89,79
16Q2H1S4Q,16Q07.4,19,18,-89,-88,233
16Q2H2S1Q,16Q08.1,20,19,-88,-87,30
16Q2H2S3Q,16Q08.3,19,18,-88,-87,14
16Q2H4S1Q,16Q10.1,18,17,-90,-89,98
16Q2H4S2Q,16Q10.2,18,17,-89,-88,140
16Q2H4S3Q,16Q10.3,17,16,-90,-89,195
16Q2H4S4Q,16Q10.4,17,16,-89,-88,84
16Q2H5S1Q,16Q11.1,18,17,-88,-87,3
16Q2H5S3Q,16Q11.3,17,16,-88,-87,1
16Q2H5S4Q,16Q11.4,17,16,-87,-86,55
16Q2H6S3Q,16Q12.3,17,16,-86,-85,17
16R1H1S1Q,16R01.1,32,31,-90,-89,312
16R1H1S2Q,16R01.2,32,31,-89,-88,204
16R1H1S3Q,16R01.3,31,30,-90,-89,273
16R1H1S4Q,16R01.4,31,30,-89,-88,254
16R1H2S1Q,16R02.1,32,31,-88,-87,215
16R1H2S2Q,16R02.2,32,31,-87,-86,249
16R1H2S3Q,16R02.3,31,30,-88,-87,187
16R1H2S4Q,16R02.4,31,30,-87,-86,140
16R1H3S1Q,16R03.1,32,31,-86,-85,382
16R1H3S2Q,16R03.2,32,31,-85,-84,311
16R1H3S3Q,16R03.3,31,30,-86,-85,213
16R1H3S4Q,16R03.4,31,30,-85,-84,200
16R1H4S1Q,16R04.1,30,29,-90,-89,123
16R1H4S3Q,16R04.3,29,28,-90,-89,1
16R1H6S1Q,16R06.1,30,29,-86,-85,21
16R1H6S2Q,16R06.2,30,29,-85,-84,22
16S1H1S1Q,16S01.1,40,39,-90,-89,230
16S1H1S2Q,16S01.2,40,39,-89,-88,207
16S1H1S3Q,16S01.3,39,38,-90,-89,231
16S1H1S4Q,16S01.4,39,38,-89,-88,182
16S1H2S1Q,16S02.1,40,39,-88,-87,385
16S1H2S2Q,16S02.2,40,39,-87,-86,515
16S1H2S3Q,16S02.3,39,38,-88,-87,288
16S1H2S4Q,16S02.4,39,38,-87,-86,321
16S1H3S1Q,16S03.1,40,39,-86,-85,415
16S1H3S2Q,16S03.2,40,39,-85,-84,937
16S1H3S3Q,16S03.3,39,38,-86,-85,512
16S1H3S4Q,16S03.4,39,38,-85,-84,475
16S1H4S1Q,16S04.1,38,37,-90,-89,307
16S1H4S2Q,16S04.2,38,37,-89,-88,348
16S1H4S3Q,16S04.3,37,36,-90,-89,343
16S1H4S4Q,16S04.4,37,36,-89,-88,299
16S1H5S1Q,16S05.1,38,37,-88,-87,336
16S1H5S2Q,16S05.2,38,37,-87,-86,402
16S1H5S3Q,16S05.3,37,36,-88,-87,388
16S1H5S4Q,16S05.4,37,36,-87,-86,534
16S1H6S1Q,16S06.1,38,37,-86,-85,348
16S1H6S2Q,16S06.2,38,37,-85,-84,462
16S1H6S3Q,16S06.3,37,36,-86,-85,500
16S1H6S4Q,16S06.4,37,36,-85,-84,428
16S2H1S1Q,16S07.1,36,35,-90,-89,336
16S2H1S2Q,16S07.2,36,35,-89,-88,339
16S2H1S3Q,16S07.3,35,34,-90,-89,212
16S2H1S4Q,16S07.4,35,34,-89,-88,312
16S2H2S1Q,16S08.1,36,35,-88,-87,374
16S2H2S2Q,16S08.2,36,35,-87,-86,694
16S2H2S3Q,16S08.3,35,34,-88,-87,464
16S2H2S4Q,16S08.4,35,34,-87,-86,688
16S2H3S1Q,16S09.1,36,35,-86,-85,686
16S2H3S2Q,16S09.2,36,35,-85,-84,770
16S2H3S3Q,16S09.3,35,34,-86,-85,593
16S2H3S4Q,16S09.4,35,34,-85,-84,631
16S2H4S1Q,16S10.1,34,33,-90,-89,194
16S2H4S2Q,16S10.2,34,33,-89,-88,306
16S2H4S3Q,16S10.3,33,32,-90,-89,272
16S2H4S4Q,16S10.4,33,32,-89,-88,215
16S2H5S1Q,16S11.1,34,33,-88,-87,663
16S2H5S2Q,16S11.2,34,33,-87,-86,1045
16S2H5S3Q,16S11.3,33,32,-88,-87,237
16S2H5S4Q,16S11.4,33,32,-87,-86,431
16S2H6S1Q,16S12.1,34,33,-86,-85,520
16S2H6S2Q,16S12.2,34,33,-85,-84,1509
16S2H6S3Q,16S12.3,33,32,-86,-85,375
16S2H6S4Q,16S12.4,33,32,-85,-84,401
16T1H1S1Q,16T01.1,48,47,-90,-89,4
16T1H1S2Q,16T01.2,48,47,-89,-88,79
16T1H1S3Q,16T01.3,47,46,-90,-89,71
16T1H1S4Q,16T01.4,47,46,-89,-88,98
16T1H2S1Q,16T02.1,48,47,-88,-87,2
16T1H2S3Q,16T02.3,47,46,-88,-87,101
16T1H2S4Q,16T02.4,47,46,-87,-86,40
16T1H3S2Q,16T03.2,48,47,-85,-84,2
16T1H3S3Q,16T03.3,47,46,-86,-85,55
16T1H3S4Q,16T03.4,47,46,-85,-84,48
16T1H4S1Q,16T04.1,46,45,-90,-89,88
16T1H4S2Q,16T04.2,46,45,-89,-88,72
16T1H4S3Q,16T04.3,45,44,-90,-89,132
16T1H4S4Q,16T04.4,45,44,-89,-88,212
16T1H5S1Q,16T05.1,46,45,-88,-87,127
16T1H5S2Q,16T05.2,46,45,-87,-86,35
16T1H5S3Q,16T05.3,45,44,-88,-87,127
16T1H5S4Q,16T05.4,45,44,-87,-86,46
16T1H6S1Q,16T06.1,46,45,-86,-85,39
16T1H6S2Q,16T06.2,46,45,-85,-84,111
16T1H6S3Q,16T06.3,45,44,-86,-85,153
16T1H6S4Q,16T06.4,45,44,-85,-84,116
16T2H1S1Q,16T07.1,44,43,-90,-89,186
16T2H1S2Q,16T07.2,44,43,-89,-88,284
16T2H1S3Q,16T07.3,43,42,-90,-89,249
16T2H1S4Q,16T07.4,43,42,-89,-88,468
16T2H2S1Q,16T08.1,44,43,-88,-87,64
16T2H2S2Q,16T08.2,44,43,-87,-86,70
16T2H2S3Q,16T08.3,43,42,-88,-87,332
16T2H2S4Q,16T08.4,43,42,-87,-86,133
16T2H3S1Q,16T09.1,44,43,-86,-85,155
16T2H3S2Q,16T09.2,44,43,-85,-84,184
16T2H3S3Q,16T09.3,43,42,-86,-85,238
16T2H3S4Q,16T09.4,43,42,-85,-84,198
16T2H4S1Q,16T10.1,42,41,-90,-89,198
16T2H4S2Q,16T10.2,42,41,-89,-88,514
16T2H4S3Q,16T10.3,41,40,-90,-89,216
16T2H4S4Q,16T10.4,41,40,-89,-88,173
16T2H5S1Q,16T11.1,42,41,-88,-87,715
16T2H5S2Q,16T11.2,42,41,-87,-86,241
16T2H5S3Q,16T11.3,41,40,-88,-87,244
16T2H5S4Q,16T11.4,41,40,-87,-86,297
16T2H6S1Q,16T12.1,42,41,-86,-85,328
16T2H6S2Q,16T12.2,42,41,-85,-84,289
16T2H6S3Q,16T12.3,41,40,-86,-85,302
16T2H6S4Q,16T12.4,41,40,-85,-84,319
16U1H2S1Q,16U02.1,56,55,-88,-87,1
16U1H3S1Q,16U03.1,56,55,-86,-85,1
16U1H4S1Q,16U04.1,54,53,-90,-89,2
16U1H4S2Q,16U04.2,54,53,-89,-88,1
16U1H4S3Q,16U04.3,53,52,-90,-89,1
16U2H1S3Q,16U07.3,51,50,-90,-89,1
16U2H2S1Q,16U08.1,52,51,-88,-87,1
16U2H2S4Q,16U08.4,51,50,-87,-86,1
16U2H4S1Q,16U10.1,50,49,-90,-89,1
16U2H4S2Q,16U10.2,50,49,-89,-88,1
16U2H4S3Q,16U10.3,49,48,-90,-89,7
16U2H4S4Q,16U10.4,49,48,-89,-88,2
16U2H5S1Q,16U11.1,50,49,-88,-87,3
16U2H5S2Q,16U11.2,50,49,-87,-86,6
16U2H5S3Q,16U11.3,49,48,-88,-87,3
16U2H5S4Q,16U11.4,49,48,-87,-86,1
16U2H6S1Q,16U12.1,50,49,-86,-85,2
16U2H6S2Q,16U12.2,50,49,-85,-84,5
16U2H6S3Q,16U12.3,49,48,-86,-85,2
16U2H6S4Q,16U12.4,49,48,-85,-84,3
16W1H4S3Q,16W04.3,69,68,-90,-89,1
16W2H2S4Q,16W08.4,67,66,-87,-86,2
16X2H6S1Q,16X12.1,74,73,-86,-85,1
17H1H3S4Q,17H03.4,-33,-34,-79,-78,1
17L1H3S1Q,17L03.1,-8,-9,-80,-79,43
17L1H3S2Q,17L03.2,-8,-9,-79,-78,454
17L1H3S4Q,17L03.4,-9,-10,-79,-78,254
17L1H6S2Q,17L06.2,-10,-11,-79,-78,30
17M1H2S2Q,17M02.2,0,-1,-81,-80,105
17M1H2S4Q,17M02.4,-1,-2,-81,-80,248
17M1H3S1Q,17M03.1,0,-1,-80,-79,89
17M1H3S2Q,17M03.2,0,-1,-79,-78,824
17M1H3S3Q,17M03.3,-1,-2,-80,-79,760
17M1H3S4Q,17M03.4,-1,-2,-79,-78,546
17M1H5S2Q,17M05.2,-2,-3,-81,-80,221
17M1H5S4Q,17M05.4,-3,-4,-81,-80,374
17M1H6S1Q,17M06.1,-2,-3,-80,-79,663
17M1H6S2Q,17M06.2,-2,-3,-79,-78,600
17M1H6S3Q,17M06.3,-3,-4,-80,-79,680
17M1H6S4Q,17M06.4,-3,-4,-79,-78,255
17M2H2S1Q,17M08.